"","date","oil","gold","DowJ","NAS","US_INDEX"
"1","2015-01-02",52.72,1184.25,17832.990234,4726.810059,91.080002
"2","2015-01-05",50.05,1192,17501.650391,4652.569824,91.379997
"3","2015-01-06",47.98,1211,17371.640625,4592.740234,91.5
"4","2015-01-07",48.69,1213.75,17584.519531,4650.470215,91.889999
"5","2015-01-08",48.8,1206.5,17907.869141,4736.189941,92.370003
"6","2015-01-09",48.35,1211.25,17737.369141,4704.069824,91.940002
"7","2015-01-12",46.06,1222,17640.839844,4664.709961,91.980003
"8","2015-01-13",45.92,1239,17613.679688,4661.5,92.309998
"9","2015-01-14",48.49,1228.75,17427.089844,4639.319824,92.160004
"10","2015-01-15",46.37,1235.25,17320.710938,4570.819824,92.349998
"11","2015-01-16",48.49,1258.25,17511.570313,4634.379883,92.519997
"12","2015-01-20",46.79,1292.25,17515.230469,4654.850098,93.050003
"13","2015-01-21",47.85,1298,17554.279297,4667.419922,92.900002
"14","2015-01-22",45.93,1287,17813.980469,4750.399902,94.239998
"15","2015-01-23",45.26,1293.5,17672.599609,4757.879883,95
"16","2015-01-26",44.8,1282.75,17678.699219,4771.759766,94.800003
"17","2015-01-27",45.84,1279,17387.210938,4681.5,94.019997
"18","2015-01-28",44.08,1287,17191.369141,4637.990234,94.470001
"19","2015-01-29",44.12,1275.5,17416.849609,4683.410156,94.779999
"20","2015-01-30",47.79,1263.5,17164.949219,4635.240234,94.800003
"21","2015-02-02",49.25,1274.25,17361.039063,4676.689941,94.5
"22","2015-02-03",53.04,1281,17666.400391,4727.740234,93.599998
"23","2015-02-04",48.45,1269.25,17673.019531,4716.700195,93.989998
"24","2015-02-05",50.48,1263.75,17884.880859,4765.100098,94.699997
"25","2015-02-06",51.66,1264,17824.289063,4744.399902,94.699997
"26","2015-02-09",52.99,1242.25,17729.210938,4726.009766,94.449997
"27","2015-02-10",50.06,1237.5,17868.759766,4787.640137,94.760002
"28","2015-02-11",48.8,1235.5,17862.140625,4801.180176,94.989998
"29","2015-02-12",51.17,1225.25,17972.380859,4857.609863,94.089996
"30","2015-02-13",52.66,1225.75,18019.349609,4893.839844,94.199997
"31","2015-02-17",53.56,1221.75,18047.580078,4899.27002,94.059998
"32","2015-02-18",52.13,1206.5,18029.849609,4906.359863,94.199997
"33","2015-02-19",51.12,1217.75,17985.769531,4924.700195,94.400002
"34","2015-02-20",49.95,1203.5,18140.439453,4955.970215,94.25
"35","2015-02-23",49.56,1193.5,18116.839844,4960.970215,94.57
"36","2015-02-24",48.48,1195.5,18209.189453,4968.120117,94.489998
"37","2015-02-25",50.25,1206.5,18224.570313,4967.140137,94.209999
"38","2015-02-26",47.65,1220,18214.419922,4987.890137,95.290001
"39","2015-02-27",49.84,1205,18132.699219,4963.529785,95.25
"40","2015-03-02",49.59,1216.75,18288.630859,5008.100098,95.459999
"41","2015-03-03",50.43,1207.75,18203.369141,4979.899902,95.379997
"42","2015-03-04",51.53,1204.25,18096.900391,4967.140137,95.970001
"43","2015-03-05",50.76,1199.75,18135.720703,4982.810059,96.379997
"44","2015-03-06",49.61,1196.5,17856.779297,4927.370117,97.620003
"45","2015-03-09",49.95,1173.75,17995.720703,4942.439941,97.589996
"46","2015-03-10",48.42,1161,17662.939453,4859.790039,98.620003
"47","2015-03-11",48.06,1158.75,17635.390625,4849.939941,99.800003
"48","2015-03-12",47.12,1161.25,17895.220703,4893.290039,99.150002
"49","2015-03-13",44.88,1156.5,17749.310547,4871.759766,100.330002
"50","2015-03-16",43.93,1157,17977.419922,4929.509766,99.599998
"51","2015-03-17",43.39,1154.75,17849.080078,4937.430176,99.589996
"52","2015-03-18",44.63,1149,18076.189453,4982.830078,98.550003
"53","2015-03-19",44.02,1164,17959.029297,4992.379883,99.099998
"54","2015-03-20",46,1171.75,18127.650391,5026.419922,97.910004
"55","2015-03-23",47.4,1181.4,18116.039063,5010.970215,97.029999
"56","2015-03-24",47.03,1193.25,18011.140625,4994.72998,97.190002
"57","2015-03-25",48.75,1192.55,17718.539063,4876.52002,96.980003
"58","2015-03-26",51.41,1209.4,17678.230469,4863.359863,97.440002
"59","2015-03-27",48.83,1198,17712.660156,4891.220215,97.290001
"60","2015-03-30",48.66,1187.4,17976.310547,4947.439941,97.980003
"61","2015-03-31",47.72,1179.25,17776.119141,4900.879883,98.360001
"62","2015-04-01",50.12,1181.25,17698.179688,4880.22998,98.190002
"63","2015-04-02",49.13,1201.5,17763.240234,4886.939941,97.440002
"64","2015-04-07",53.95,1208.5,17875.419922,4910.22998,97.830002
"65","2015-04-08",50.44,1211.1,17902.509766,4950.819824,98.07
"66","2015-04-09",50.79,1196,17958.730469,4974.560059,99.160004
"67","2015-04-10",51.63,1201.9,18057.650391,4995.97998,99.389999
"68","2015-04-13",51.95,1197.85,17977.039063,4988.25,99.489998
"69","2015-04-14",53.3,1191.45,18036.699219,4977.290039,98.760002
"70","2015-04-15",56.25,1189.85,18112.609375,5011.02002,98.330002
"71","2015-04-16",56.69,1204.6,18105.769531,5007.790039,97.419998
"72","2015-04-17",55.71,1204.55,17826.300781,4931.810059,97.519997
"73","2015-04-20",56.37,1203.25,18034.929688,4994.600098,97.940002
"74","2015-04-21",55.58,1197.7,17949.589844,5014.100098,97.980003
"75","2015-04-22",56.17,1202.4,18038.269531,5035.169922,98.019997
"76","2015-04-23",56.59,1187.75,18058.689453,5056.060059,97.279999
"77","2015-04-24",55.98,1192.15,18080.140625,5092.080078,96.919998
"78","2015-04-27",55.56,1182.75,18037.970703,5060.25,96.769997
"79","2015-04-28",57.05,1201.4,18110.140625,5055.419922,96.089996
"80","2015-04-29",58.55,1204.8,18035.529297,5023.640137,95.120003
"81","2015-04-30",59.62,1204.3,17840.519531,4941.419922,94.599998
"82","2015-05-01",59.1,1179,18024.060547,5005.390137,95.300003
"83","2015-05-05",60.38,1187.4,17928.199219,4939.330078,95.129997
"84","2015-05-06",60.93,1191.25,17841.980469,4919.640137,94.129997
"85","2015-05-07",58.99,1183,17924.060547,4945.540039,94.620003
"86","2015-05-08",59.41,1185.25,18191.109375,5003.549805,94.790001
"87","2015-05-11",59.23,1184.75,18105.169922,4993.569824,95.010002
"88","2015-05-12",60.72,1184.45,18068.230469,4976.189941,94.529999
"89","2015-05-13",60.5,1193,18060.490234,4981.689941,93.620003
"90","2015-05-14",59.89,1214.75,18252.240234,5050.799805,93.360001
"91","2015-05-15",59.73,1216.3,18272.560547,5048.290039,93.139999
"92","2015-05-18",59.44,1228.15,18298.880859,5078.439941,94.190002
"93","2015-05-19",57.3,1219.65,18312.390625,5070.029785,95.269997
"94","2015-05-20",58.96,1206.75,18285.400391,5071.740234,95.449997
"95","2015-05-21",60.18,1209.6,18285.740234,5090.790039,95.260002
"96","2015-05-22",58.88,1211,18232.019531,5089.359863,96.010002
"97","2015-05-26",57.29,1194,18041.539063,5032.75,97.300003
"98","2015-05-27",57.51,1187.85,18162.990234,5106.589844,97.370003
"99","2015-05-28",57.69,1189.45,18126.119141,5097.97998,96.970001
"100","2015-05-29",60.25,1190.4,18010.679688,5070.029785,96.910004
"101","2015-06-01",60.24,1187.3,18040.369141,5082.930176,97.389999
"102","2015-06-02",61.3,1188.75,18011.939453,5076.52002,95.839996
"103","2015-06-03",59.67,1186.6,18076.269531,5099.22998,95.470001
"104","2015-06-04",58,1182.45,17905.580078,5059.120117,95.459999
"105","2015-06-05",59.11,1175.9,17849.460938,5068.459961,96.309998
"106","2015-06-08",58.15,1173.4,17766.550781,5021.629883,95.300003
"107","2015-06-09",60.15,1181,17764.039063,5013.870117,95.169998
"108","2015-06-10",61.36,1186,18000.400391,5076.689941,94.650002
"109","2015-06-11",60.74,1180.5,18039.369141,5082.509766,94.980003
"110","2015-06-12",59.96,1179.25,17898.839844,5051.100098,94.970001
"111","2015-06-15",59.53,1178.25,17791.169922,5029.970215,94.809998
"112","2015-06-16",60.01,1182.1,17904.480469,5055.549805,95
"113","2015-06-17",59.89,1178.5,17935.740234,5064.879883,94.300003
"114","2015-06-18",60.41,1198,18115.839844,5132.950195,94.040001
"115","2015-06-19",59.62,1198.15,18015.949219,5117,94.089996
"116","2015-06-22",60.01,1193.7,18119.779297,5153.970215,94.330002
"117","2015-06-23",61.05,1183.35,18144.070313,5160.089844,95.43
"118","2015-06-24",60.01,1175.75,17966.070313,5122.410156,95.260002
"119","2015-06-25",59.59,1174.6,17890.359375,5112.189941,95.190002
"120","2015-06-26",59.41,1174.4,17946.679688,5080.509766,95.470001
"121","2015-06-29",58.34,1176.5,17596.349609,4958.470215,94.790001
"122","2015-06-30",59.48,1175,17619.509766,4986.870117,95.489998
"123","2015-07-01",56.94,1171.7,17757.910156,5013.120117,96.309998
"124","2015-07-02",56.93,1164.3,17730.109375,5009.209961,96.110001
"125","2015-07-06",52.48,1164.25,17683.580078,4991.939941,96.300003
"126","2015-07-07",52.33,1166.25,17776.910156,4997.459961,96.870003
"127","2015-07-08",51.61,1154.25,17515.419922,4909.759766,96.290001
"128","2015-07-09",52.76,1162.1,17548.619141,4922.399902,96.610001
"129","2015-07-10",52.74,1162.4,17760.410156,4997.700195,96.029999
"130","2015-07-13",52.19,1154.95,17977.679688,5071.509766,96.860001
"131","2015-07-14",53.05,1153.2,18053.580078,5104.890137,96.639999
"132","2015-07-15",51.4,1154.75,18050.169922,5098.939941,97.129997
"133","2015-07-16",50.9,1145.1,18120.25,5163.180176,97.660004
"134","2015-07-17",50.88,1143,18086.449219,5210.140137,97.860001
"135","2015-07-20",50.11,1115,18100.410156,5218.859863,98.029999
"136","2015-07-21",50.59,1108,17919.289063,5208.120117,97.330002
"137","2015-07-22",49.27,1096.8,17851.039063,5171.77002,97.599998
"138","2015-07-23",48.11,1101.65,17731.919922,5146.410156,97.120003
"139","2015-07-24",47.98,1083.75,17568.529297,5088.629883,97.239998
"140","2015-07-27",47.17,1098.6,17440.589844,5039.779785,96.5
"141","2015-07-28",47.97,1095.6,17630.269531,5089.209961,96.769997
"142","2015-07-29",48.77,1096.75,17751.390625,5111.72998,96.980003
"143","2015-07-30",48.53,1085.65,17745.980469,5128.779785,97.559998
"144","2015-07-31",47.11,1080.05,17689.859375,5128.279785,97.370003
"145","2015-08-03",45.25,1093,17598.199219,5115.379883,97.489998
"146","2015-08-04",45.75,1092.6,17550.689453,5105.549805,97.93
"147","2015-08-05",45.13,1086.5,17540.470703,5139.939941,97.959999
"148","2015-08-06",44.69,1085,17419.75,5056.439941,97.830002
"149","2015-08-07",43.87,1091.35,17373.380859,5043.540039,97.559998
"150","2015-08-10",44.94,1094.8,17615.169922,5101.799805,97.160004
"151","2015-08-11",43.11,1113.25,17402.839844,5036.790039,97.290001
"152","2015-08-12",43.22,1116.8,17402.509766,5044.390137,96.260002
"153","2015-08-13",42.27,1117.35,17408.25,5033.560059,96.449997
"154","2015-08-14",42.45,1116.75,17477.400391,5048.240234,96.57
"155","2015-08-17",41.93,1117.3,17545.179688,5091.700195,96.82
"156","2015-08-18",42.58,1119.15,17511.339844,5059.350098,96.970001
"157","2015-08-19",40.75,1123.2,17348.730469,5019.049805,96.459999
"158","2015-08-20",41,1137.95,16990.689453,4877.490234,95.75
"159","2015-08-21",40.45,1149.35,16459.75,4706.040039,94.830002
"160","2015-08-24",38.22,1153.5,15871.349609,4526.25,93.309998
"161","2015-08-25",39.15,1154.25,15666.44043,4506.490234,94.529999
"162","2015-08-26",38.5,1134.4,16285.509766,4697.540039,95.099998
"163","2015-08-27",42.47,1128.5,16654.769531,4812.709961,95.610001
"164","2015-08-28",45.29,1125.5,16643.009766,4828.319824,96.110001
"165","2015-09-01",45.38,1141.9,16058.349609,4636.100098,95.449997
"166","2015-09-02",46.3,1140,16351.379883,4749.97998,95.830002
"167","2015-09-03",46.75,1130.05,16374.759766,4733.5,96.410004
"168","2015-09-04",46.02,1125,16102.379883,4683.919922,96.230003
"169","2015-09-08",45.92,1120.85,16492.679688,4811.930176,95.879997
"170","2015-09-09",44.13,1122.3,16253.570313,4756.529785,96.010002
"171","2015-09-10",45.85,1107.75,16330.400391,4796.25,95.459999
"172","2015-09-11",44.75,1106.35,16433.089844,4822.339844,95.190002
"173","2015-09-14",44.07,1108,16370.959961,4805.759766,95.25
"174","2015-09-15",44.58,1105.5,16599.849609,4860.52002,95.610001
"175","2015-09-16",47.12,1109.75,16739.949219,4889.240234,95.419998
"176","2015-09-17",46.93,1118.15,16674.740234,4893.950195,94.550003
"177","2015-09-18",44.71,1136,16384.580078,4827.22998,94.860001
"178","2015-09-21",46.67,1136.85,16510.189453,4828.950195,95.889999
"179","2015-09-22",46.17,1129.3,16330.469727,4756.720215,96.279999
"180","2015-09-23",44.53,1124.6,16279.889648,4752.740234,96.07
"181","2015-09-24",44.94,1134.45,16201.320313,4734.47998,95.989998
"182","2015-09-25",45.55,1145.5,16314.669922,4686.5,96.269997
"183","2015-09-28",44.4,1137.5,16001.889648,4543.970215,96.029999
"184","2015-09-29",45.24,1124.6,16049.129883,4517.319824,95.889999
"185","2015-09-30",45.06,1122.5,16284.700195,4620.160156,96.349998
"186","2015-10-01",44.75,1114.2,16272.009766,4627.080078,96.190002
"187","2015-10-02",45.54,1106.3,16472.369141,4707.779785,95.830002
"188","2015-10-05",46.28,1134.35,16776.429688,4781.259766,96.110001
"189","2015-10-06",48.53,1136.9,16790.189453,4748.359863,95.459999
"190","2015-10-07",47.86,1147.9,16912.289063,4791.149902,95.5
"191","2015-10-08",49.46,1143.3,17050.75,4810.790039,95.32
"192","2015-10-09",49.67,1151.5,17084.490234,4830.470215,94.809998
"193","2015-10-12",47.09,1164.2,17131.859375,4838.640137,94.839996
"194","2015-10-13",46.7,1154.4,17081.890625,4796.609863,94.760002
"195","2015-10-14",46.63,1173.7,16924.75,4782.850098,93.93
"196","2015-10-15",46.38,1183.35,17141.75,4870.100098,94.370003
"197","2015-10-16",47.3,1176.35,17215.970703,4886.689941,94.540001
"198","2015-10-19",45.91,1171.65,17230.539063,4905.470215,94.959999
"199","2015-10-20",45.84,1173.7,17217.109375,4880.970215,94.849998
"200","2015-10-21",45.22,1174.4,17168.609375,4840.120117,95.050003
"201","2015-10-22",44.9,1166.45,17489.160156,4920.049805,96.339996
"202","2015-10-23",43.91,1171.55,17646.699219,5031.859863,97.07
"203","2015-10-26",43.19,1168.5,17623.050781,5034.700195,96.860001
"204","2015-10-27",43.21,1165.75,17581.429688,5030.149902,96.910004
"205","2015-10-28",45.93,1171.5,17779.519531,5095.689941,97.779999
"206","2015-10-29",46.02,1159,17755.800781,5074.27002,97.279999
"207","2015-10-30",46.6,1147.75,17663.539063,5053.75,96.949997
"208","2015-11-02",46.12,1135.8,17828.759766,5127.149902,96.93
"209","2015-11-03",47.88,1130.9,17918.150391,5145.129883,97.160004
"210","2015-11-04",46.32,1118,17867.580078,5142.47998,97.949997
"211","2015-11-05",45.27,1107.3,17863.429688,5127.740234,97.940002
"212","2015-11-06",44.32,1107.7,17910.330078,5147.120117,99.160004
"213","2015-11-09",43.87,1095.6,17730.480469,5095.299805,98.980003
"214","2015-11-10",44.23,1092.5,17758.210938,5083.240234,99.290001
"215","2015-11-11",42.95,1088.6,17702.220703,5067.02002,99.010002
"216","2015-11-12",41.74,1087.6,17448.070313,5005.080078,98.650002
"217","2015-11-13",40.69,1083.75,17245.240234,4927.879883,98.989998
"218","2015-11-16",41.68,1094.5,17483.009766,4984.620117,99.440002
"219","2015-11-17",40.73,1080.8,17489.5,4986.02002,99.629997
"220","2015-11-18",40.75,1070.5,17737.160156,5075.200195,99.650002
"221","2015-11-19",40.55,1073.1,17732.75,5073.640137,98.989998
"222","2015-11-20",39.39,1085.15,17823.810547,5104.919922,99.57
"223","2015-11-23",39.27,1068.35,17792.679688,5102.47998,99.800003
"224","2015-11-24",40.89,1073,17812.189453,5102.810059,99.529999
"225","2015-11-25",41.22,1072.2,17813.390625,5116.140137,99.800003
"226","2015-11-27",40.57,1064.65,17813.390625,5127.52002,100.019997
"227","2015-11-30",40.43,1055.65,17719.919922,5108.669922,100.169998
"228","2015-12-01",40.58,1069.25,17888.349609,5156.310059,99.800003
"229","2015-12-02",39.93,1066.9,17729.679688,5123.220215,99.989998
"230","2015-12-03",41.08,1050.6,17477.669922,5037.529785,97.620003
"231","2015-12-04",40,1063,17847.630859,5142.27002,98.349998
"232","2015-12-07",37.64,1082.7,17730.509766,5101.810059,98.660004
"233","2015-12-08",37.46,1071.75,17568,5098.240234,98.470001
"234","2015-12-09",37.16,1078.4,17492.300781,5022.870117,97.349998
"235","2015-12-10",36.76,1072,17574.75,5045.169922,97.940002
"236","2015-12-11",35.65,1067.2,17265.210938,4933.470215,97.57
"237","2015-12-14",36.31,1068,17368.5,4952.22998,97.599998
"238","2015-12-15",37.32,1069.15,17524.910156,4995.359863,98.220001
"239","2015-12-16",35.55,1065.75,17749.089844,5071.129883,97.870003
"240","2015-12-17",34.98,1065.85,17495.839844,5002.549805,99.269997
"241","2015-12-18",34.72,1055.25,17128.550781,4923.080078,98.699997
"242","2015-12-21",34.55,1071.15,17251.619141,4968.919922,98.459999
"243","2015-12-22",36.12,1077,17417.269531,5001.109863,98.239998
"244","2015-12-23",36.76,1071.5,17602.609375,5045.930176,98.339996
"245","2015-12-29",37.88,1067.25,17720.980469,5107.939941,98.099998
"246","2015-12-30",36.59,1067.8,17603.869141,5065.850098,98.269997
"247","2016-01-04",36.81,1072.7,17148.939453,4903.089844,98.870003
"248","2016-01-05",35.97,1078,17158.660156,4891.430176,99.400002
"249","2016-01-06",33.97,1083.85,16906.509766,4835.759766,99.18
"250","2016-01-07",33.29,1096,16514.099609,4689.430176,98.220001
"251","2016-01-08",33.2,1097.45,16346.450195,4643.629883,98.540001
"252","2016-01-11",31.42,1104.7,16398.570313,4637.990234,98.730003
"253","2016-01-12",30.42,1094.85,16516.220703,4685.919922,98.970001
"254","2016-01-13",30.42,1081.8,16151.410156,4526.060059,98.93
"255","2016-01-14",31.22,1090.75,16379.049805,4615,99.089996
"256","2016-01-15",29.45,1081.1,15988.080078,4488.419922,98.959999
"257","2016-01-19",28.47,1087,16016.019531,4476.950195,98.989998
"258","2016-01-20",26.68,1093.2,15766.740234,4471.689941,99.089996
"259","2016-01-21",29.55,1096.8,15882.679688,4472.060059,99.059998
"260","2016-01-22",32.07,1097.65,16093.509766,4591.180176,99.57
"261","2016-01-25",30.31,1103.7,15885.219727,4518.490234,99.360001
"262","2016-01-26",29.54,1114.7,16167.230469,4567.669922,99.360001
"263","2016-01-27",32.32,1116.5,15944.459961,4468.169922,98.900002
"264","2016-01-28",33.21,1119,16069.639648,4506.680176,98.510002
"265","2016-01-29",33.66,1112.9,16466.300781,4613.950195,99.610001
"266","2016-02-01",31.62,1122,16449.179688,4620.370117,99
"267","2016-02-02",29.9,1123.6,16153.540039,4516.950195,98.870003
"268","2016-02-03",32.29,1130,16336.660156,4504.240234,97.290001
"269","2016-02-04",31.63,1146.25,16416.580078,4509.560059,96.470001
"270","2016-02-05",30.86,1158.5,16204.969727,4363.140137,97.029999
"271","2016-02-08",29.71,1173.4,16027.049805,4283.75,96.57
"272","2016-02-09",27.96,1188.9,16014.379883,4268.759766,96.07
"273","2016-02-10",27.54,1183.4,15914.740234,4283.589844,95.889999
"274","2016-02-11",26.19,1223.25,15660.179688,4266.839844,95.559998
"275","2016-02-12",29.32,1239.5,15973.839844,4337.509766,95.980003
"276","2016-02-16",29.05,1212,16196.410156,4435.959961,96.870003
"277","2016-02-17",30.68,1202.4,16453.830078,4534.060059,96.790001
"278","2016-02-18",30.77,1204.4,16413.429688,4487.540039,96.949997
"279","2016-02-19",29.59,1221.5,16391.990234,4504.430176,96.599998
"280","2016-02-22",31.37,1203.65,16620.660156,4570.609863,97.379997
"281","2016-02-23",31.84,1218.75,16431.779297,4503.580078,97.480003
"282","2016-02-24",30.35,1232.25,16484.990234,4542.609863,97.459999
"283","2016-02-25",31.4,1235.4,16697.289063,4582.200195,97.290001
"284","2016-02-26",31.65,1231,16639.970703,4590.470215,98.150002
"285","2016-02-29",32.74,1234.15,16516.5,4557.950195,98.209999
"286","2016-03-01",34.39,1240,16865.080078,4689.600098,98.349998
"287","2016-03-02",34.57,1229.35,16899.320313,4703.419922,98.209999
"288","2016-03-03",34.56,1241.95,16943.900391,4707.419922,97.57
"289","2016-03-04",35.91,1271.5,17006.769531,4717.02002,97.339996
"290","2016-03-07",37.9,1267.6,17073.949219,4708.25,97.07
"291","2016-03-08",36.67,1274.1,16964.099609,4648.819824,97.209999
"292","2016-03-09",37.62,1258.25,17000.359375,4674.379883,97.169998
"293","2016-03-10",37.77,1247.25,16995.130859,4662.160156,96.07
"294","2016-03-11",38.51,1262.25,17213.310547,4748.470215,96.169998
"295","2016-03-14",37.2,1256.55,17229.130859,4750.279785,96.620003
"296","2016-03-15",36.32,1233.6,17251.529297,4728.669922,96.629997
"297","2016-03-16",38.43,1233.1,17325.759766,4763.970215,95.889999
"298","2016-03-17",40.17,1269.6,17481.490234,4774.990234,94.760002
"299","2016-03-18",39.47,1254.5,17602.300781,4795.649902,94.989998
"300","2016-03-21",39.91,1244.25,17623.869141,4808.870117,95.290001
"301","2016-03-22",41.45,1251.8,17582.570313,4821.660156,95.650002
"302","2016-03-23",38.28,1232.2,17502.589844,4768.859863,96.050003
"303","2016-03-24",38.14,1216.45,17515.730469,4773.5,96.139999
"304","2016-03-29",36.91,1216.45,17633.109375,4846.620117,95.160004
"305","2016-03-30",36.91,1238.2,17716.660156,4869.290039,94.839996
"306","2016-03-31",36.94,1233.6,17685.089844,4869.850098,94.589996
"307","2016-04-01",35.36,1232.1,17792.75,4914.540039,94.620003
"308","2016-04-04",34.3,1215,17737,4891.799805,94.510002
"309","2016-04-05",34.52,1231.5,17603.320313,4843.930176,94.629997
"310","2016-04-06",37.74,1225.75,17716.050781,4920.720215,94.43
"311","2016-04-07",37.3,1237.5,17541.960938,4848.370117,94.480003
"312","2016-04-08",39.74,1235,17576.960938,4850.689941,94.239998
"313","2016-04-11",40.46,1247.25,17556.410156,4833.399902,93.949997
"314","2016-04-12",42.12,1259.2,17721.25,4872.089844,93.959999
"315","2016-04-13",41.7,1245.75,17908.279297,4947.419922,94.739998
"316","2016-04-14",41.45,1240.3,17926.429688,4945.890137,94.900002
"317","2016-04-15",40.4,1229.75,17897.460938,4938.220215,94.699997
"318","2016-04-18",39.74,1237.7,18004.160156,4960.02002,94.489998
"319","2016-04-19",40.88,1241.7,18053.599609,4940.330078,93.980003
"320","2016-04-20",42.72,1247.75,18096.269531,4948.129883,94.489998
"321","2016-04-21",43.18,1257.65,17982.519531,4945.890137,94.599998
"322","2016-04-22",42.76,1245.4,18003.75,4906.22998,95.120003
"323","2016-04-25",41.67,1230.85,17977.240234,4895.790039,94.839996
"324","2016-04-26",42.52,1234.5,17990.320313,4888.279785,94.57
"325","2016-04-27",45.29,1244.75,18041.550781,4863.140137,94.389999
"326","2016-04-28",46.03,1256.6,17830.759766,4805.290039,93.760002
"327","2016-04-29",45.98,1274.5,17773.640625,4775.359863,93.080002
"328","2016-05-03",43.65,1296.5,17750.910156,4763.220215,92.940002
"329","2016-05-04",43.77,1280.3,17651.259766,4725.640137,93.18
"330","2016-05-05",44.33,1275.75,17660.710938,4717.089844,93.779999
"331","2016-05-06",44.58,1280.25,17740.630859,4736.160156,93.889999
"332","2016-05-09",43.45,1277.75,17705.910156,4750.209961,94.150002
"333","2016-05-10",44.68,1264.85,17928.349609,4809.879883,94.290001
"334","2016-05-11",46.21,1271.8,17711.119141,4760.689941,93.82
"335","2016-05-12",46.64,1268.3,17720.5,4737.330078,94.139999
"336","2016-05-13",46.22,1275.15,17535.320313,4717.680176,94.610001
"337","2016-05-16",47.72,1281,17710.710938,4775.459961,94.57
"338","2016-05-17",48.29,1270.1,17529.980469,4715.72998,94.550003
"339","2016-05-18",48.12,1270.9,17526.619141,4739.120117,95.080002
"340","2016-05-19",48.16,1253.75,17435.400391,4712.529785,95.290001
"341","2016-05-20",47.67,1256.5,17500.939453,4769.560059,95.309998
"342","2016-05-23",48.12,1250.4,17492.929688,4765.779785,95.230003
"343","2016-05-24",48.04,1242.65,17706.050781,4861.060059,95.57
"344","2016-05-25",49.1,1220.75,17851.509766,4894.890137,95.349998
"345","2016-05-26",49,1226.65,17828.289063,4901.77002,95.169998
"346","2016-05-27",49.36,1221.25,17873.220703,4933.5,95.519997
"347","2016-05-31",49.1,1210.5,17787.199219,4948.049805,95.889999
"348","2016-06-01",49.07,1216.25,17789.669922,4952.25,95.459999
"349","2016-06-02",49.14,1215.5,17838.560547,4971.359863,95.559998
"350","2016-06-03",48.69,1211,17807.060547,4942.52002,94.029999
"351","2016-06-06",49.71,1240.55,17920.330078,4968.709961,93.900002
"352","2016-06-07",50.37,1241.1,17938.279297,4961.75,93.830002
"353","2016-06-08",51.23,1252.4,18005.050781,4974.640137,93.589996
"354","2016-06-09",50.52,1258.35,17985.189453,4958.620117,94.099998
"355","2016-06-10",49.09,1266.6,17865.339844,4894.549805,94.599998
"356","2016-06-13",48.89,1284.1,17732.480469,4848.439941,94.370003
"357","2016-06-14",48.49,1279.4,17674.820313,4843.549805,94.93
"358","2016-06-15",47.92,1282,17640.169922,4834.930176,94.610001
"359","2016-06-16",46.14,1307,17733.099609,4844.919922,94.57
"360","2016-06-17",48,1284.5,17675.160156,4800.339844,94.209999
"361","2016-06-20",49.4,1283.25,17804.869141,4837.209961,93.610001
"362","2016-06-21",48.95,1280.8,17829.730469,4843.759766,94.019997
"363","2016-06-22",49.16,1265,17780.830078,4833.319824,93.720001
"364","2016-06-23",49.34,1265.75,18011.070313,4910.040039,93.529999
"365","2016-06-24",46.7,1313.85,17400.75,4707.97998,95.449997
"366","2016-06-27",45.8,1324.6,17140.240234,4594.439941,96.540001
"367","2016-06-28",47.93,1312,17409.720703,4691.870117,96.25
"368","2016-06-29",49.85,1317.75,17694.679688,4779.25,95.769997
"369","2016-06-30",48.27,1317,17929.990234,4842.669922,96.139999
"370","2016-07-01",49.02,1331.75,17949.369141,4862.569824,95.650002
"371","2016-07-05",46.73,1344.75,17840.619141,4822.899902,96.169998
"372","2016-07-06",47.37,1370,17918.619141,4859.160156,96.059998
"373","2016-07-07",45.22,1367.1,17895.880859,4876.810059,96.330002
"374","2016-07-08",45.37,1356.1,18146.740234,4956.759766,96.300003
"375","2016-07-11",44.73,1358.25,18226.929688,4988.640137,96.57
"376","2016-07-12",46.82,1352.85,18347.669922,5022.819824,96.440002
"377","2016-07-13",44.87,1340.25,18372.119141,5005.72998,96.220001
"378","2016-07-14",45.64,1325.7,18506.410156,5034.060059,96.080002
"379","2016-07-15",45.93,1330.5,18516.550781,5029.589844,96.580002
"380","2016-07-18",45.23,1326.15,18533.050781,5055.779785,96.559998
"381","2016-07-19",44.64,1332.2,18559.009766,5036.370117,97.050003
"382","2016-07-20",44.96,1325.6,18595.029297,5089.930176,97.199997
"383","2016-07-21",43.96,1322,18517.230469,5073.899902,97
"384","2016-07-22",43.41,1323.2,18570.849609,5100.160156,97.470001
"385","2016-07-25",42.4,1315,18493.060547,5097.629883,97.290001
"386","2016-07-26",42.16,1321.25,18473.75,5110.049805,97.160004
"387","2016-07-27",41.9,1320.8,18472.169922,5139.810059,97.050003
"388","2016-07-28",41.13,1341.3,18456.349609,5154.97998,96.739998
"389","2016-07-29",41.54,1332.5,18432.240234,5162.129883,95.529999
"390","2016-08-01",40.05,1348.85,18404.509766,5184.200195,95.709999
"391","2016-08-02",39.5,1358.15,18313.769531,5137.72998,95.059998
"392","2016-08-03",40.8,1364.4,18355,5159.740234,95.559998
"393","2016-08-04",41.92,1351.15,18352.050781,5166.25,95.760002
"394","2016-08-05",41.83,1362.6,18543.529297,5221.120117,96.190002
"395","2016-08-08",43.06,1330,18529.289063,5213.140137,96.400002
"396","2016-08-09",42.78,1332.9,18533.050781,5225.47998,96.18
"397","2016-08-10",41.75,1351.85,18495.660156,5204.580078,95.650002
"398","2016-08-11",43.51,1344.55,18613.519531,5228.399902,95.860001
"399","2016-08-12",44.47,1336.7,18576.470703,5232.890137,95.720001
"400","2016-08-15",45.72,1339.2,18636.050781,5262.02002,95.629997
"401","2016-08-16",46.57,1349.1,18552.019531,5227.109863,94.790001
"402","2016-08-17",46.81,1342.75,18573.939453,5228.660156,94.720001
"403","2016-08-18",48.2,1347.1,18597.699219,5240.149902,94.160004
"404","2016-08-19",48.48,1346.85,18552.570313,5238.379883,94.510002
"405","2016-08-22",46.8,1334.3,18529.419922,5244.600098,94.519997
"406","2016-08-23",47.54,1338.5,18547.300781,5260.080078,94.540001
"407","2016-08-24",46.29,1337.3,18481.480469,5217.689941,94.790001
"408","2016-08-25",46.97,1324.5,18448.410156,5212.200195,94.769997
"409","2016-08-26",47.64,1324.9,18395.400391,5218.919922,95.57
"410","2016-08-30",46.32,1318.85,18454.300781,5222.990234,96.050003
"411","2016-08-31",44.68,1314.45,18400.880859,5213.220215,96.019997
"412","2016-09-01",43.17,1305.7,18419.300781,5227.209961,95.650002
"413","2016-09-02",44.39,1311.5,18491.960938,5249.899902,95.879997
"414","2016-09-06",44.85,1330.05,18538.119141,5275.910156,94.82
"415","2016-09-07",45.47,1348.75,18526.140625,5283.930176,94.959999
"416","2016-09-08",47.63,1348,18479.910156,5259.47998,95.029999
"417","2016-09-09",45.88,1335.65,18085.449219,5125.910156,95.339996
"418","2016-09-12",46.28,1327.5,18325.070313,5211.890137,95.099998
"419","2016-09-13",44.91,1328.5,18066.75,5155.25,95.629997
"420","2016-09-14",43.62,1323.2,18034.769531,5173.77002,95.330002
"421","2016-09-15",43.85,1320.1,18212.480469,5249.689941,95.290001
"422","2016-09-16",43.04,1314.25,18123.800781,5244.569824,96.110001
"423","2016-09-19",43.34,1315.05,18120.169922,5235.029785,95.839996
"424","2016-09-20",43.85,1315.4,18129.960938,5241.350098,96.019997
"425","2016-09-21",45.33,1319.6,18293.699219,5295.180176,95.660004
"426","2016-09-22",46.1,1332.45,18392.460938,5339.52002,95.449997
"427","2016-09-23",44.36,1335.9,18261.449219,5305.75,95.480003
"428","2016-09-26",45.6,1336.3,18094.830078,5257.490234,95.309998
"429","2016-09-27",44.65,1335.85,18228.300781,5305.709961,95.440002
"430","2016-09-28",47.07,1324.8,18339.240234,5318.549805,95.43
"431","2016-09-29",47.72,1320.85,18143.449219,5269.149902,95.540001
"432","2016-09-30",47.72,1327.9,18308.150391,5312,95.459999
"433","2016-10-03",48.8,1318.65,18253.849609,5300.870117,95.75
"434","2016-10-04",48.67,1309.15,18168.449219,5289.660156,96.120003
"435","2016-10-05",49.75,1274,18281.029297,5316.02002,96.129997
"436","2016-10-06",50.44,1265.5,18268.5,5306.850098,96.660004
"437","2016-10-07",49.76,1255,18240.490234,5292.399902,96.519997
"438","2016-10-11",50.72,1256.4,18128.660156,5246.790039,97.699997
"439","2016-10-12",50.14,1255.7,18144.199219,5239.02002,97.970001
"440","2016-10-13",50.47,1258,18098.939453,5213.330078,97.519997
"441","2016-10-14",50.35,1256.15,18138.380859,5214.160156,98.019997
"442","2016-10-17",49.97,1252.7,18086.400391,5199.819824,97.889999
"443","2016-10-18",50.3,1261.65,18161.939453,5243.839844,97.900002
"444","2016-10-19",51.59,1269.75,18202.619141,5246.410156,97.870003
"445","2016-10-20",50.31,1269.2,18162.349609,5241.830078,98.32
"446","2016-10-21",50.61,1263.95,18145.710938,5257.399902,98.699997
"447","2016-10-24",50.18,1267,18223.029297,5309.830078,98.669998
"448","2016-10-25",49.45,1269.3,18169.269531,5283.399902,98.720001
"449","2016-10-26",48.75,1273.9,18199.330078,5250.27002,98.629997
"450","2016-10-27",49.71,1269.3,18169.679688,5215.970215,98.889999
"451","2016-10-28",48.72,1265.9,18161.189453,5190.100098,98.349998
"452","2016-10-31",46.83,1274.2,18142.419922,5189.140137,98.449997
"453","2016-11-01",46.66,1284.4,18037.099609,5153.580078,97.699997
"454","2016-11-02",45.32,1295.85,17959.640625,5105.569824,97.400002
"455","2016-11-03",44.66,1293,17930.669922,5058.410156,97.160004
"456","2016-11-04",44.07,1301.7,17888.279297,5046.370117,97.07
"457","2016-11-07",44.88,1286.8,18259.599609,5166.169922,97.779999
"458","2016-11-08",44.96,1284,18332.740234,5193.490234,97.860001
"459","2016-11-09",45.2,1304.55,18589.689453,5251.069824,98.5
"460","2016-11-10",44.62,1280.9,18807.880859,5208.799805,98.790001
"461","2016-11-14",43.29,1222.6,18868.689453,5218.399902,100.110001
"462","2016-11-15",45.86,1228.9,18923.060547,5275.620117,100.190002
"463","2016-11-16",45.56,1225.7,18868.140625,5294.580078,100.410004
"464","2016-11-17",45.37,1232,18903.820313,5333.970215,100.889999
"465","2016-11-18",45.69,1206.1,18867.929688,5321.509766,101.209999
"466","2016-11-21",47.48,1214.95,18956.689453,5368.859863,101.050003
"467","2016-11-22",48.07,1217.55,19023.869141,5386.350098,101.040001
"468","2016-11-23",46.72,1213.25,19083.179688,5380.680176,101.699997
"469","2016-11-25",46.72,1187.5,19152.140625,5398.919922,101.489998
"470","2016-11-28",45.66,1189.1,19097.900391,5368.810059,101.330002
"471","2016-11-29",45.29,1187.3,19121.599609,5379.919922,100.93
"472","2016-11-30",49.41,1187.4,19123.580078,5323.680176,101.5
"473","2016-12-01",51.08,1168.75,19191.929688,5251.109863,101.040001
"474","2016-12-02",51.7,1171.65,19170.419922,5255.649902,100.769997
"475","2016-12-05",51.72,1164.9,19216.240234,5308.890137,100.139999
"476","2016-12-06",50.95,1171.15,19251.779297,5333,100.489998
"477","2016-12-07",49.85,1171.25,19549.619141,5393.759766,100.230003
"478","2016-12-08",50.84,1174.75,19614.810547,5417.359863,101.07
"479","2016-12-09",51.51,1168.9,19756.849609,5444.5,101.57
"480","2016-12-12",52.74,1154.4,19796.429688,5412.540039,100.959999
"481","2016-12-13",52.99,1157.35,19911.210938,5463.830078,101.029999
"482","2016-12-14",51.01,1160.95,19792.529297,5436.669922,102
"483","2016-12-15",50.9,1132.45,19852.240234,5456.850098,103.129997
"484","2016-12-16",51.93,1134.85,19843.410156,5437.160156,102.949997
"485","2016-12-19",52.13,1137.6,19883.060547,5457.439941,103.139999
"486","2016-12-20",52.22,1132.75,19974.619141,5483.939941,103.290001
"487","2016-12-21",51.44,1134.4,19941.960938,5471.430176,103.019997
"488","2016-12-22",51.98,1130.55,19918.880859,5447.419922,103.089996
"489","2016-12-28",54.01,1139.75,19833.679688,5438.560059,103.260002
"490","2016-12-29",53.8,1146.8,19819.779297,5432.089844,102.68
"491","2017-01-03",52.36,1148.65,19881.759766,5429.080078,103.209999
"492","2017-01-04",53.26,1165.9,19942.160156,5477,102.699997
"493","2017-01-05",53.77,1173.05,19899.289063,5487.939941,101.519997
"494","2017-01-06",53.98,1178,19963.800781,5521.060059,102.220001
"495","2017-01-09",51.95,1176.1,19887.380859,5531.819824,101.93
"496","2017-01-10",50.82,1183.2,19855.529297,5551.819824,102.010002
"497","2017-01-11",52.19,1187.55,19954.279297,5563.649902,101.779999
"498","2017-01-12",53.01,1206.65,19891,5547.490234,101.349998
"499","2017-01-13",52.36,1196.35,19885.730469,5574.120117,101.18
"500","2017-01-17",52.45,1217.5,19826.769531,5538.72998,100.330002
"501","2017-01-18",51.12,1212.5,19804.720703,5555.649902,100.93
"502","2017-01-19",51.39,1203.35,19732.400391,5540.080078,101.150002
"503","2017-01-20",52.33,1199.1,19827.25,5555.330078,100.739998
"504","2017-01-23",52.77,1213.75,19799.849609,5552.939941,100.160004
"505","2017-01-24",52.38,1213.3,19912.710938,5600.959961,100.349998
"506","2017-01-25",52.14,1203.5,20068.509766,5656.339844,100.029999
"507","2017-01-26",53.24,1191.55,20100.910156,5655.180176,100.379997
"508","2017-01-27",53.18,1184.2,20093.779297,5660.779785,100.529999
"509","2017-01-30",52.63,1189.85,19971.130859,5613.709961,100.43
"510","2017-01-31",52.75,1198.8,19864.089844,5614.790039,99.510002
"511","2017-02-01",53.9,1210,19890.939453,5642.649902,99.639999
"512","2017-02-02",53.55,1224.05,19884.910156,5636.200195,99.849998
"513","2017-02-03",53.81,1213.05,20071.460938,5666.77002,99.870003
"514","2017-02-06",53.01,1221.85,20052.419922,5663.549805,99.910004
"515","2017-02-07",52.19,1231,20090.289063,5674.220215,100.260002
"516","2017-02-08",52.37,1235.6,20054.339844,5682.450195,100.279999
"517","2017-02-09",52.99,1241.75,20172.400391,5715.180176,100.650002
"518","2017-02-10",53.84,1225.75,20269.369141,5734.129883,100.800003
"519","2017-02-13",52.96,1229.4,20412.160156,5763.959961,100.959999
"520","2017-02-14",53.21,1229.65,20504.410156,5782.569824,101.25
"521","2017-02-15",53.11,1225.15,20611.859375,5819.439941,101.18
"522","2017-02-16",53.41,1236.75,20619.769531,5814.899902,100.440002
"523","2017-02-17",53.41,1241.4,20624.050781,5838.580078,100.949997
"524","2017-02-21",54.02,1228.7,20743,5865.950195,101.370003
"525","2017-02-22",53.61,1237.5,20775.599609,5860.629883,101.330002
"526","2017-02-23",54.48,1237.35,20810.320313,5835.509766,101.050003
"527","2017-02-24",53.99,1255.35,20821.759766,5845.310059,101.089996
"528","2017-02-27",54.04,1256.25,20837.439453,5861.899902,101.129997
"529","2017-02-28",54,1251.9,20812.240234,5825.439941,101.120003
"530","2017-03-01",53.82,1246.05,21115.550781,5904.029785,101.779999
"531","2017-03-02",52.63,1243.3,21002.970703,5861.220215,102.199997
"532","2017-03-03",53.33,1228.75,21005.710938,5870.75,101.540001
"533","2017-03-06",53.19,1231.15,20954.339844,5849.180176,101.639999
"534","2017-03-07",52.68,1223.7,20924.759766,5833.930176,101.809998
"535","2017-03-08",49.83,1213.3,20855.730469,5837.549805,102.07
"536","2017-03-09",48.75,1204.6,20858.189453,5838.810059,101.849998
"537","2017-03-10",48.05,1196.55,20902.980469,5861.72998,101.25
"538","2017-03-13",47.95,1207.8,20881.480469,5875.779785,101.379997
"539","2017-03-14",47.24,1203.55,20837.369141,5856.819824,101.699997
"540","2017-03-15",48.34,1202.25,20950.099609,5900.049805,100.739998
"541","2017-03-16",48.3,1225.6,20934.550781,5900.759766,100.269997
"542","2017-03-17",48.34,1228.75,20914.619141,5901,100.300003
"543","2017-03-20",47.79,1233,20905.859375,5901.529785,100.410004
"544","2017-03-21",47.02,1232.05,20668.009766,5793.830078,99.809998
"545","2017-03-22",47.29,1246.1,20661.300781,5821.640137,99.68
"546","2017-03-23",47,1247.9,20656.580078,5817.689941,99.760002
"547","2017-03-24",47.3,1244,20596.720703,5828.740234,99.629997
"548","2017-03-27",47.02,1256.9,20550.980469,5840.370117,99.169998
"549","2017-03-28",48.36,1253.65,20701.5,5875.140137,99.709999
"550","2017-03-29",49.47,1252.9,20659.320313,5897.549805,100
"551","2017-03-30",50.3,1250.9,20728.490234,5914.339844,100.410004
"552","2017-03-31",50.54,1241.7,20663.220703,5911.740234,100.349998
"553","2017-04-03",50.25,1246.25,20650.210938,5894.680176,100.540001
"554","2017-04-04",50.99,1258.65,20689.240234,5898.609863,100.540001
"555","2017-04-05",51.14,1252.5,20648.150391,5864.47998,100.559998
"556","2017-04-06",51.69,1253.75,20662.949219,5878.950195,100.669998
"557","2017-04-07",52.25,1264.3,20656.099609,5877.810059,101.18
"558","2017-04-10",53.06,1253.6,20658.019531,5880.930176,101.019997
"559","2017-04-11",53.38,1255.7,20651.300781,5866.77002,100.709999
"560","2017-04-12",53.12,1272.3,20591.859375,5836.160156,100.779999
"561","2017-04-13",53.19,1286.1,20453.25,5805.149902,100.559998
"562","2017-04-18",52.46,1285,20523.279297,5849.470215,99.5
"563","2017-04-19",50.49,1282.05,20404.490234,5863.029785,99.739998
"564","2017-04-20",50.26,1279.9,20578.710938,5916.779785,99.779999
"565","2017-04-21",49.64,1281.5,20547.759766,5910.52002,99.980003
"566","2017-04-24",48.9,1271.8,20763.890625,5983.819824,99.089996
"567","2017-04-25",49.22,1270.5,20996.119141,6025.490234,98.82
"568","2017-04-26",49.22,1264.95,20975.089844,6025.22998,98.959999
"569","2017-04-27",48.96,1264.3,20981.330078,6048.939941,99.080002
"570","2017-04-28",49.31,1265.55,20940.509766,6047.609863,99.050003
"571","2017-05-02",47.65,1255.8,20949.890625,6095.370117,98.980003
"572","2017-05-03",47.79,1253.95,20957.900391,6072.549805,99.209999
"573","2017-05-04",45.55,1235.85,20951.470703,6075.339844,98.760002
"574","2017-05-05",46.23,1239.4,21006.939453,6100.759766,98.650002
"575","2017-05-08",46.46,1229.7,21012.279297,6102.660156,99.150002
"576","2017-05-09",45.84,1225.15,20975.779297,6120.589844,99.589996
"577","2017-05-10",47.28,1222.95,20943.109375,6129.140137,99.669998
"578","2017-05-11",47.81,1221,20919.419922,6115.959961,99.620003
"579","2017-05-12",47.83,1227.9,20896.609375,6121.22998,99.25
"580","2017-05-15",48.86,1231.5,20981.939453,6149.669922,98.910004
"581","2017-05-16",48.64,1234.05,20979.75,6169.870117,98.110001
"582","2017-05-17",49.04,1244.6,20606.929688,6011.240234,97.419998
"583","2017-05-18",49.36,1261.35,20663.019531,6055.129883,97.879997
"584","2017-05-19",50.32,1251.85,20804.839844,6083.700195,97.150002
"585","2017-05-22",50.81,1255.25,20894.830078,6133.620117,96.980003
"586","2017-05-23",51.12,1259.9,20937.910156,6138.709961,97.349998
"587","2017-05-24",50.99,1251.35,21012.419922,6163.02002,97.239998
"588","2017-05-25",48.57,1257.1,21082.949219,6205.259766,97.25
"589","2017-05-26",49.58,1265,21080.279297,6210.189941,97.400002
"590","2017-05-30",49.63,1262.8,21029.470703,6203.189941,97.279999
"591","2017-05-31",48.29,1263.8,21008.650391,6198.52002,96.919998
"592","2017-06-01",48.32,1266.15,21144.179688,6246.830078,97.199997
"593","2017-06-02",47.68,1260.95,21206.289063,6305.799805,96.720001
"594","2017-06-05",47.4,1280.7,21184.039063,6295.680176,96.800003
"595","2017-06-06",48.13,1287.85,21136.230469,6275.060059,96.639999
"596","2017-06-07",45.8,1292.7,21173.689453,6297.379883,96.75
"597","2017-06-08",45.68,1284.8,21182.529297,6321.759766,96.919998
"598","2017-06-09",45.82,1274.25,21271.970703,6207.919922,97.269997
"599","2017-06-12",46.1,1269.25,21235.669922,6175.459961,97.139999
"600","2017-06-13",46.41,1261.3,21328.470703,6220.370117,96.980003
"601","2017-06-14",44.79,1268.25,21374.560547,6194.890137,96.940002
"602","2017-06-15",44.47,1260.25,21359.900391,6165.5,97.43
"603","2017-06-16",44.73,1256.6,21384.279297,6151.759766,97.160004
"604","2017-06-19",44.24,1251.1,21528.990234,6239.009766,97.529999
"605","2017-06-20",43.34,1246.5,21467.140625,6188.029785,97.75
"606","2017-06-21",42.48,1247.05,21410.029297,6233.950195,97.559998
"607","2017-06-22",42.53,1251.4,21397.289063,6236.689941,97.540001
"608","2017-06-23",42.86,1256.3,21394.759766,6265.25,97.300003
"609","2017-06-26",43.24,1240.85,21409.550781,6247.149902,97.43
"610","2017-06-27",44.25,1250.4,21310.660156,6146.620117,96.470001
"611","2017-06-28",44.74,1251.6,21454.609375,6234.410156,96.050003
"612","2017-06-29",44.88,1246.6,21287.029297,6144.350098,95.629997
"613","2017-06-30",46.02,1243.25,21349.630859,6140.419922,95.660004
"614","2017-07-05",45.11,1221.9,21478.169922,6150.859863,96.290001
"615","2017-07-06",45.52,1224.3,21320.039063,6089.459961,95.82
"616","2017-07-07",44.25,1220.4,21414.339844,6153.080078,96.010002
"617","2017-07-10",44.4,1207.55,21408.519531,6176.390137,96.050003
"618","2017-07-11",45.06,1211.9,21409.070313,6193.299805,95.739998
"619","2017-07-12",45.48,1219.4,21532.140625,6261.169922,95.790001
"620","2017-07-13",46.06,1221.4,21553.089844,6274.439941,95.730003
"621","2017-07-14",46.53,1218.95,21637.740234,6312.470215,95.110001
"622","2017-07-17",46.02,1229.85,21629.720703,6314.430176,95.129997
"623","2017-07-18",46.4,1237.1,21574.730469,6344.310059,94.660004
"624","2017-07-19",47.1,1239.85,21640.75,6385.040039,94.800003
"625","2017-07-20",46.73,1236.55,21611.779297,6390,94.269997
"626","2017-07-21",45.78,1247.25,21580.070313,6387.75,93.940002
"627","2017-07-24",46.21,1255.85,21513.169922,6410.810059,93.980003
"628","2017-07-25",47.77,1252,21613.429688,6412.169922,94.050003
"629","2017-07-26",48.58,1245.4,21711.009766,6422.75,93.669998
"630","2017-07-27",49.05,1262.05,21796.550781,6382.189941,93.860001
"631","2017-07-28",49.72,1259.6,21830.310547,6374.680176,93.260002
"632","2017-07-31",50.21,1266.35,21891.119141,6348.120117,92.860001
"633","2017-08-01",49.19,1267.05,21963.919922,6362.939941,93.029999
"634","2017-08-02",49.6,1266.65,22016.240234,6362.649902,92.830002
"635","2017-08-03",49.03,1261.8,22026.099609,6340.339844,92.809998
"636","2017-08-04",49.57,1269.3,22092.810547,6351.560059,93.540001
"637","2017-08-07",49.37,1257.55,22118.419922,6383.77002,93.43
"638","2017-08-08",49.07,1261.45,22085.339844,6370.459961,93.639999
"639","2017-08-09",49.59,1267.95,22048.699219,6352.330078,93.519997
"640","2017-08-10",48.54,1278.9,21844.009766,6216.870117,93.400002
"641","2017-08-11",48.81,1288.3,21858.320313,6256.560059,93.07
"642","2017-08-14",47.59,1281.1,21993.710938,6340.22998,93.459999
"643","2017-08-15",47.57,1274.6,21998.990234,6333.009766,93.849998
"644","2017-08-16",46.8,1270.15,22024.869141,6345.109863,93.489998
"645","2017-08-17",47.07,1285.9,21750.730469,6221.910156,93.620003
"646","2017-08-18",48.59,1295.25,21674.509766,6216.529785,93.43
"647","2017-08-21",47.39,1287.6,21703.75,6213.129883,93.099998
"648","2017-08-22",47.65,1285.1,21899.890625,6297.47998,93.550003
"649","2017-08-23",48.45,1286.45,21812.089844,6278.410156,93.150002
"650","2017-08-24",47.24,1285.9,21783.400391,6271.330078,93.279999
"651","2017-08-25",47.65,1287.05,21813.669922,6265.640137,92.739998
"652","2017-08-29",46.46,1323.4,21865.369141,6301.890137,92.349998
"653","2017-08-30",45.96,1310.6,21892.429688,6368.310059,92.879997
"654","2017-08-31",47.26,1305.8,21948.099609,6428.660156,92.669998
"655","2017-09-01",47.32,1318.4,21987.560547,6435.330078,92.809998
"656","2017-09-05",48.63,1331.15,21753.310547,6375.569824,92.309998
"657","2017-09-06",49.13,1340.15,21807.640625,6393.310059,92.290001
"658","2017-09-07",49.1,1340.45,21784.779297,6397.870117,91.529999
"659","2017-09-08",47.44,1350.9,21797.789063,6360.189941,91.330002
"660","2017-09-11",48.06,1338.75,22057.369141,6432.259766,91.860001
"661","2017-09-12",48.21,1326.25,22118.859375,6454.279785,91.910004
"662","2017-09-13",49.3,1332.25,22158.179688,6460.189941,92.519997
"663","2017-09-14",49.86,1323,22203.480469,6429.080078,92.120003
"664","2017-09-15",49.9,1325,22268.339844,6448.470215,91.870003
"665","2017-09-18",49.88,1314.4,22331.349609,6454.640137,92.050003
"666","2017-09-19",49.54,1308.45,22370.800781,6461.319824,91.790001
"667","2017-09-20",50.29,1314.9,22412.589844,6456.040039,92.510002
"668","2017-09-21",50.58,1297.35,22359.230469,6422.689941,92.260002
"669","2017-09-22",50.33,1297,22349.589844,6426.919922,92.169998
"670","2017-09-25",51.85,1295.5,22296.089844,6370.589844,92.650002
"671","2017-09-26",51.59,1306.9,22284.320313,6380.160156,92.970001
"672","2017-09-27",52.14,1291.3,22340.710938,6453.259766,93.360001
"673","2017-09-28",51.62,1284.3,22381.199219,6453.450195,93.089996
"674","2017-09-29",51.67,1286.95,22405.089844,6495.959961,93.080002
"675","2017-10-02",50.59,1273.1,22557.599609,6516.720215,93.559998
"676","2017-10-03",50.44,1270.7,22641.669922,6531.709961,93.57
"677","2017-10-04",50,1275.55,22661.640625,6534.629883,93.459999
"678","2017-10-05",50.79,1278.4,22775.390625,6585.359863,93.959999
"679","2017-10-06",49.34,1268.2,22773.669922,6590.180176,93.800003
"680","2017-10-09",49.58,1282.15,22761.070313,6579.72998,93.739998
"681","2017-10-10",50.93,1289.6,22830.679688,6587.25,93.290001
"682","2017-10-11",51.3,1290.2,22872.890625,6603.549805,92.959999
"683","2017-10-12",50.61,1294.45,22841.009766,6591.509766,93.120003
"684","2017-10-13",51.43,1293.9,22871.720703,6605.799805,93.089996
"685","2017-10-16",51.86,1305.15,22956.960938,6624,93.279999
"686","2017-10-17",51.87,1289.7,22997.439453,6623.660156,93.489998
"687","2017-10-18",52.05,1280.65,23157.599609,6624.220215,93.360001
"688","2017-10-19",51.29,1283.4,23163.039063,6605.069824,93.269997
"689","2017-10-20",51.63,1280.25,23328.630859,6629.049805,93.699997
"690","2017-10-23",51.91,1275.25,23273.960938,6586.830078,93.940002
"691","2017-10-24",52.32,1278.3,23441.759766,6598.430176,93.959999
"692","2017-10-25",51.97,1273,23329.460938,6563.890137,93.709999
"693","2017-10-26",52.41,1278,23400.859375,6556.77002,94.610001
"694","2017-10-27",53.92,1267.8,23434.189453,6701.259766,94.919998
"695","2017-10-30",54.11,1272.75,23348.740234,6698.959961,94.489998
"696","2017-10-31",54.36,1274.4,23377.240234,6727.669922,94.550003
"697","2017-11-01",54.32,1279.25,23435.009766,6716.529785,94.82
"698","2017-11-02",54.55,1276.4,23516.259766,6714.939941,94.690002
"699","2017-11-03",55.63,1275.3,23539.189453,6764.439941,94.940002
"700","2017-11-06",57.34,1271.6,23548.419922,6786.439941,94.720001
"701","2017-11-07",57.19,1276.35,23557.230469,6767.779785,94.910004
"702","2017-11-08",56.82,1282.25,23563.359375,6789.120117,94.870003
"703","2017-11-09",57.16,1284,23461.939453,6750.049805,94.440002
"704","2017-11-10",56.75,1284.45,23422.210938,6750.939941,94.389999
"705","2017-11-13",56.77,1278.4,23439.699219,6757.600098,94.489998
"706","2017-11-14",55.67,1273.7,23409.470703,6737.870117,93.830002
"707","2017-11-15",55.28,1285.7,23271.279297,6706.209961,93.809998
"708","2017-11-16",55.14,1277.7,23458.359375,6793.290039,93.93
"709","2017-11-17",56.21,1283.85,23358.240234,6782.790039,93.660004
"710","2017-11-20",56.21,1292.35,23430.330078,6790.709961,94.080002
"711","2017-11-21",56.84,1280,23590.830078,6862.47998,93.949997
"712","2017-11-22",57.88,1283.95,23526.179688,6867.359863,93.220001
"713","2017-11-27",58.1,1294.7,23580.779297,6878.52002,92.900002
"714","2017-11-28",57.96,1293.9,23836.710938,6912.359863,93.260002
"715","2017-11-29",57.25,1294.85,23940.679688,6824.390137,93.260002
"716","2017-11-30",57.4,1282.15,24272.349609,6873.970215,93.010002
"717","2017-12-01",58.35,1277.25,24231.589844,6847.589844,92.900002
"718","2017-12-04",57.48,1279.1,24290.050781,6775.370117,93.190002
"719","2017-12-05",57.66,1275.9,24180.640625,6762.209961,93.379997
"720","2017-12-06",55.79,1268.55,24140.910156,6776.379883,93.610001
"721","2017-12-07",56.5,1256.8,24211.480469,6812.839844,93.800003
"722","2017-12-08",57.15,1245.85,24329.160156,6840.080078,93.900002
"723","2017-12-11",57.84,1251.4,24386.029297,6875.080078,93.870003
"724","2017-12-12",57.12,1243.4,24504.800781,6862.319824,94.099998
"725","2017-12-13",56.59,1241.6,24585.429688,6875.799805,93.43
"726","2017-12-14",57,1255.6,24508.660156,6856.529785,93.489998
"727","2017-12-15",57.29,1257.25,24651.740234,6936.580078,93.93
"728","2017-12-18",57.17,1258.65,24792.199219,6994.759766,93.699997
"729","2017-12-19",57.49,1263.1,24754.75,6963.850098,93.470001
"730","2017-12-20",58.09,1265.95,24726.650391,6960.959961,93.349998
"731","2017-12-21",58.34,1265.85,24782.289063,6965.359863,93.279999
"732","2017-12-27",59.67,1285.4,24774.300781,6939.339844,93.029999
"733","2017-12-28",59.84,1291.6,24837.509766,6950.160156,92.599998
"734","2018-01-02",60.37,1312.8,24824.009766,7006.899902,91.849998
"735","2018-01-03",61.61,1314.6,24922.679688,7065.529785,92.160004
"736","2018-01-04",61.98,1313.7,25075.130859,7077.910156,91.849998
"737","2018-01-05",61.49,1317.9,25295.869141,7136.560059,91.949997
"738","2018-01-08",61.73,1318.8,25283,7157.390137,92.330002
"739","2018-01-09",62.92,1314.95,25385.800781,7163.580078,92.529999
"740","2018-01-10",63.6,1321.65,25369.130859,7153.569824,92.330002
"741","2018-01-11",63.81,1319.85,25574.730469,7211.779785,91.849998
"742","2018-01-12",64.22,1332.9,25803.189453,7261.060059,90.970001
"743","2018-01-16",63.82,1334.95,25792.859375,7223.689941,90.389999
"744","2018-01-17",63.92,1337.35,26115.650391,7298.279785,90.540001
"745","2018-01-18",63.96,1329.75,26017.810547,7296.049805,90.5
"746","2018-01-19",63.38,1335.8,26071.720703,7336.379883,90.57
"747","2018-01-22",63.66,1334.15,26214.599609,7408.029785,90.400002
"748","2018-01-23",64.45,1337.1,26210.810547,7460.290039,90.120003
"749","2018-01-24",65.69,1350.5,26252.119141,7415.060059,89.209999
"750","2018-01-25",65.62,1360.25,26392.789063,7411.160156,89.389999
"751","2018-01-26",66.27,1354.35,26616.710938,7505.77002,89.07
"752","2018-01-29",65.71,1348.4,26439.480469,7466.509766,89.309998
"753","2018-01-30",64.64,1345.7,26076.890625,7402.47998,89.190002
"754","2018-01-31",64.82,1343.35,26149.390625,7411.47998,89.129997
"755","2018-02-01",65.92,1341.1,26186.710938,7385.859863,88.669998
"756","2018-02-02",65.5,1345,25520.960938,7240.950195,89.199997
"757","2018-02-05",64.18,1337.1,24345.75,6967.529785,89.550003
"758","2018-02-06",63.48,1344.65,24912.769531,7115.879883,89.589996
"759","2018-02-07",61.91,1328.5,24893.349609,7051.97998,90.260002
"760","2018-02-08",61.3,1311.05,23860.460938,6777.160156,90.230003
"761","2018-02-09",59.2,1316.05,24190.900391,6874.490234,90.440002
"762","2018-02-12",59.41,1321.7,24601.269531,6981.959961,90.209999
"763","2018-02-13",59.33,1329.4,24640.449219,7013.509766,89.699997
"764","2018-02-14",60.7,1330.75,24893.490234,7143.620117,89.120003
"765","2018-02-15",61.48,1353.7,25200.369141,7256.430176,88.589996
"766","2018-02-16",61.89,1358.6,25219.380859,7239.470215,89.099998
"767","2018-02-20",61.91,1337.4,24964.75,7234.310059,89.720001
"768","2018-02-21",61.73,1328.6,24797.779297,7218.22998,90.080002
"769","2018-02-22",62.72,1323.5,24962.480469,7210.089844,89.75
"770","2018-02-23",63.52,1328.9,25309.990234,7337.390137,89.879997
"771","2018-02-26",63.81,1339.05,25709.269531,7421.459961,89.82
"772","2018-02-27",62.94,1332.75,25410.029297,7330.350098,90.360001
"773","2018-02-28",61.43,1320.3,25029.199219,7273.009766,90.610001
"774","2018-03-01",60.98,1311.25,24608.980469,7180.560059,90.32
"775","2018-03-02",61.19,1316.75,24538.060547,7257.870117,89.940002
"776","2018-03-05",62.49,1326.3,24874.759766,7330.709961,90.080002
"777","2018-03-06",62.54,1324.95,24884.119141,7372.009766,89.620003
"778","2018-03-07",61.09,1332.5,24801.359375,7396.649902,89.639999
"779","2018-03-08",60.13,1325.4,24895.210938,7427.950195,90.120003
"780","2018-03-09",62.02,1319.35,25335.740234,7560.810059,90.089996
"781","2018-03-12",61.35,1317.25,25178.609375,7588.319824,89.900002
"782","2018-03-13",60.69,1318.7,25007.029297,7511.009766,89.660004
"783","2018-03-14",60.89,1324.95,24758.119141,7496.810059,89.699997
"784","2018-03-15",61.16,1323.35,24873.660156,7481.740234,90.139999
"785","2018-03-16",62.29,1320.05,24946.509766,7481.990234,90.230003
"786","2018-03-19",62.01,1311.7,24610.910156,7344.240234,89.900002
"787","2018-03-20",63.37,1312.75,24727.269531,7364.299805,90.370003
"788","2018-03-21",65.1,1316.35,24682.310547,7345.290039,89.779999
"789","2018-03-22",64.25,1328.85,23957.890625,7166.680176,89.860001
"790","2018-03-23",65.8,1342.35,23533.199219,6992.669922,89.440002
"791","2018-03-26",65.49,1348.4,24202.599609,7220.540039,89.029999
"792","2018-03-27",65.21,1350.65,23857.710938,7008.810059,89.370003
"793","2018-03-28",64.3,1341.05,23848.419922,6949.22998,90.059998
"794","2018-03-29",64.87,1323.9,24103.109375,7063.450195,90.150002
"795","2018-04-03",63.41,1336.6,24033.359375,6941.279785,90.199997
"796","2018-04-04",63.35,1343.15,24264.300781,7042.109863,90.139999
"797","2018-04-05",63.53,1327.05,24505.220703,7076.549805,90.459999
"798","2018-04-06",62.03,1325.6,23932.759766,6915.109863,90.110001
"799","2018-04-09",63.4,1328.5,23979.099609,6950.339844,89.839996
"800","2018-04-10",65.48,1335.95,24408,7094.299805,89.589996
"801","2018-04-11",66.81,1345.2,24189.449219,7069.029785,89.57
"802","2018-04-12",67.07,1345.9,24483.050781,7140.25,89.75
"803","2018-04-13",67.35,1340.75,24360.140625,7106.649902,89.800003
"804","2018-04-16",66.23,1344.4,24573.039063,7156.279785,89.43
"805","2018-04-17",66.5,1342.95,24786.630859,7281.100098,89.519997
"806","2018-04-18",68.44,1346.55,24748.070313,7295.240234,89.620003
"807","2018-04-19",68.3,1347.9,24664.890625,7238.060059,89.940002
"808","2018-04-20",68.26,1340.15,24462.939453,7146.129883,90.32
"809","2018-04-23",67.61,1328,24448.689453,7128.600098,90.940002
"810","2018-04-24",67.66,1327.35,24024.130859,7007.350098,90.769997
"811","2018-04-25",68,1325.7,24083.830078,7003.740234,91.169998
"812","2018-04-26",68.18,1321.9,24322.339844,7118.680176,91.559998
"813","2018-04-27",68.11,1317.7,24311.189453,7119.799805,91.540001
"814","2018-04-30",68.56,1316.25,24163.150391,7066.27002,91.839996
"815","2018-05-01",67.28,1309.2,24099.050781,7130.700195,92.449997
"816","2018-05-02",67.91,1310.75,23924.980469,7100.899902,92.510002
"817","2018-05-03",68.45,1313.3,23930.150391,7088.149902,92.410004
"818","2018-05-04",69.71,1309.35,24262.509766,7209.620117,92.57
"819","2018-05-08",68.83,1310.05,24360.210938,7266.899902,93.120003
"820","2018-05-09",71.16,1306.85,24542.539063,7339.910156,93.040001
"821","2018-05-10",71.36,1314.8,24739.529297,7404.970215,92.650002
"822","2018-05-11",70.69,1324.8,24831.169922,7402.879883,92.540001
"823","2018-05-14",71.01,1320.7,24899.410156,7411.319824,92.589996
"824","2018-05-15",71.34,1310.05,24706.410156,7351.629883,93.220001
"825","2018-05-16",71.43,1291.75,24768.929688,7398.299805,93.389999
"826","2018-05-17",71.47,1288.85,24713.980469,7382.470215,93.470001
"827","2018-05-18",71.23,1287.2,24715.089844,7354.339844,93.639999
"828","2018-05-21",72.26,1285.85,25013.289063,7394.040039,93.68
"829","2018-05-22",72.09,1293.9,24834.410156,7378.459961,93.610001
"830","2018-05-23",71.85,1294,24886.810547,7425.959961,94.010002
"831","2018-05-24",70.77,1296.35,24811.759766,7424.430176,93.779999
"832","2018-05-25",67.92,1303.95,24753.089844,7433.850098,94.190002
"833","2018-05-29",66.8,1302.05,24361.449219,7396.589844,94.830002
"834","2018-05-30",68.24,1298.6,24667.779297,7462.450195,94.150002
"835","2018-05-31",66.98,1303.5,24415.839844,7442.120117,93.989998
"836","2018-06-01",65.81,1299.15,24635.210938,7554.330078,94.190002
"837","2018-06-04",64.76,1294.65,24813.689453,7606.459961,94.019997
"838","2018-06-05",65.51,1292.25,24799.980469,7637.859863,93.889999
"839","2018-06-06",64.75,1295.25,25146.390625,7689.240234,93.660004
"840","2018-06-07",65.96,1298.3,25241.410156,7635.069824,93.400002
"841","2018-06-08",65.77,1299.2,25316.529297,7645.509766,93.550003
"842","2018-06-11",66.1,1296.05,25322.310547,7659.930176,93.580002
"843","2018-06-12",66.38,1298.3,25320.730469,7703.790039,93.800003
"844","2018-06-13",66.63,1294.4,25201.199219,7695.700195,93.709999
"845","2018-06-14",66.91,1305.3,25175.310547,7761.040039,94.769997
"846","2018-06-15",65.01,1300.1,25090.480469,7746.379883,94.790001
"847","2018-06-18",65.91,1281.25,24987.470703,7747.029785,94.75
"848","2018-06-19",65.09,1279,24700.210938,7725.589844,95.089996
"849","2018-06-20",65.92,1273.25,24657.800781,7781.509766,95.059998
"850","2018-06-21",65.68,1263.7,24461.699219,7712.950195,94.870003
"851","2018-06-22",69.02,1269.7,24580.890625,7692.819824,94.519997
"852","2018-06-25",69.91,1269.8,24252.800781,7532.009766,94.279999
"853","2018-06-26",75.23,1257.15,24283.109375,7561.629883,94.68
"854","2018-06-27",77.41,1256.8,24117.589844,7445.080078,95.290001
"855","2018-06-28",73.45,1250.5,24216.050781,7503.680176,95.389999
"856","2018-06-29",74.13,1250.55,24271.410156,7510.299805,94.629997
"857","2018-07-02",73.89,1249,24307.179688,7567.689941,94.870003
"858","2018-07-05",73.05,1252.5,24356.740234,7586.430176,94.470001
"859","2018-07-06",73.78,1254.2,24456.480469,7688.390137,94.040001
"860","2018-07-09",73.93,1262.6,24776.589844,7756.200195,94.080002
"861","2018-07-10",74.11,1253.7,24919.660156,7759.200195,94.110001
"862","2018-07-11",70.47,1250,24700.449219,7716.609863,94.720001
"863","2018-07-12",70.28,1244.85,24924.890625,7823.919922,94.809998
"864","2018-07-13",71.03,1240.5,25019.410156,7825.97998,94.75
"865","2018-07-16",68.22,1244.9,25064.359375,7805.720215,94.510002
"866","2018-07-17",68.03,1243.65,25119.890625,7855.120117,94.970001
"867","2018-07-18",68.78,1223.45,25199.289063,7854.439941,95.080002
"868","2018-07-19",69.42,1217.4,25064.5,7825.299805,95.169998
"869","2018-07-20",70.31,1224.85,25058.119141,7820.200195,94.459999
"870","2018-07-23",67.9,1229.45,25044.289063,7841.870117,94.669998
"871","2018-07-24",70.77,1224.3,25241.939453,7840.77002,94.610001
"872","2018-07-25",71.13,1230.55,25414.099609,7932.240234,94.360001
"873","2018-07-26",71.59,1228.35,25527.070313,7852.180176,94.75
"874","2018-07-27",68.66,1219.15,25451.060547,7737.419922,94.68
"875","2018-07-30",71.19,1222.05,25306.830078,7630,94.360001
"876","2018-07-31",69.88,1219.2,25415.189453,7671.790039,94.489998
"877","2018-08-01",68.8,1222.75,25333.820313,7707.290039,94.620003
"878","2018-08-02",68.95,1217.6,25326.160156,7802.689941,95.169998
"879","2018-08-03",68.49,1207.7,25462.580078,7812.009766,95.139999
"880","2018-08-06",69.01,1212,25502.179688,7859.680176,95.360001
"881","2018-08-07",69.17,1215.4,25628.910156,7883.660156,95.220001
"882","2018-08-08",66.92,1212.35,25583.75,7888.330078,95.099998
"883","2018-08-09",66.81,1215.5,25509.230469,7891.779785,95.5
"884","2018-08-10",67.61,1211.65,25313.140625,7839.109863,96.360001
"885","2018-08-13",67.25,1204.4,25187.699219,7819.709961,96.389999
"886","2018-08-14",67.04,1195.3,25299.919922,7870.890137,96.730003
"887","2018-08-15",65.07,1186.7,25162.410156,7774.120117,96.699997
"888","2018-08-16",65.44,1179.65,25558.730469,7806.52002,96.650002
"889","2018-08-17",65.93,1176.7,25669.320313,7816.330078,96.099998
"890","2018-08-20",66.5,1188.75,25758.689453,7821.009766,95.900002
"891","2018-08-21",67.32,1194.1,25822.289063,7859.169922,95.260002
"892","2018-08-22",67.85,1196.85,25733.599609,7889.100098,95.150002
"893","2018-08-23",69.13,1187.3,25656.980469,7878.459961,95.620003
"894","2018-08-24",69.71,1189.95,25790.349609,7945.97998,95.150002
"895","2018-08-28",68.54,1212.75,26064.019531,8030.040039,94.720001
"896","2018-08-29",69.68,1204.3,26124.570313,8109.689941,94.599998
"897","2018-08-30",70.25,1202.35,25986.919922,8088.359863,94.720001
"898","2018-08-31",69.84,1206.85,25964.820313,8109.540039,95.139999
"899","2018-09-04",69.82,1195.75,25952.480469,8091.25,95.419998
"900","2018-09-05",68.69,1194.7,25974.990234,7995.169922,95.129997
"901","2018-09-06",67.81,1204.3,25995.869141,7922.72998,95.019997
"902","2018-09-07",67.73,1200.75,25916.539063,7902.540039,95.370003
"903","2018-09-10",67.55,1195.8,25857.070313,7924.160156,95.150002
"904","2018-09-11",69.29,1194,25971.060547,7972.470215,95.059998
"905","2018-09-12",70.37,1197.8,25998.919922,7954.22998,94.800003
"906","2018-09-13",68.6,1206.65,26145.990234,8013.709961,94.540001
"907","2018-09-14",68.98,1206.2,26154.669922,8010.040039,94.980003
"908","2018-09-17",68.86,1196.8,26062.119141,7895.790039,94.510002
"909","2018-09-18",69.87,1199.4,26246.960938,7956.109863,94.620003
"910","2018-09-19",71.08,1203,26405.759766,7950.040039,94.550003
"911","2018-09-20",70.77,1203,26656.980469,8028.22998,93.910004
"912","2018-09-21",70.8,1207.6,26743.5,7986.959961,94.220001
"913","2018-09-24",73.23,1198.75,26562.050781,7993.25,94.260002
"914","2018-09-25",73.4,1199.45,26492.210938,8007.470215,94.129997
"915","2018-09-26",72.22,1198.8,26385.279297,7990.370117,94.190002
"916","2018-09-27",72.18,1196,26439.929688,8041.970215,95
"917","2018-09-28",73.16,1183.5,26458.310547,8046.350098,95.190002
"918","2018-10-01",75.37,1185.3,26651.210938,8037.299805,95.300003
"919","2018-10-02",75.16,1192.65,26773.939453,7999.549805,95.510002
"920","2018-10-03",76.4,1203.5,26828.390625,8025.089844,95.760002
"921","2018-10-04",74.44,1199.45,26627.480469,7879.509766,95.75
"922","2018-10-05",74.26,1201.1,26447.050781,7788.450195,95.620003
"923","2018-10-08",74.27,1194.8,26486.779297,7735.950195,95.769997
"924","2018-10-09",74.95,1187.4,26430.570313,7738.02002,95.68
"925","2018-10-10",73.18,1186.4,25598.740234,7422.049805,95.510002
"926","2018-10-11",70.97,1201.1,25052.830078,7329.060059,95.019997
"927","2018-10-12",71.41,1218.75,25339.990234,7496.890137,95.220001
"928","2018-10-15",71.84,1233,25250.550781,7430.740234,95.07
"929","2018-10-16",71.93,1228.85,25798.419922,7645.490234,95.050003
"930","2018-10-17",69.63,1226.75,25706.679688,7642.700195,95.580002
"931","2018-10-18",68.63,1224.6,25379.449219,7485.140137,95.900002
"932","2018-10-19",69.16,1228.25,25444.339844,7449.029785,95.709999
"933","2018-10-22",69.25,1222.9,25317.410156,7468.629883,96.010002
"934","2018-10-23",66.49,1235.6,25191.429688,7437.540039,95.959999
"935","2018-10-24",66.56,1231.65,24583.419922,7108.399902,96.43
"936","2018-10-25",67.25,1232.15,24984.550781,7318.339844,96.68
"937","2018-10-26",67.58,1236.05,24688.310547,7167.209961,96.360001
"938","2018-10-29",67,1230.75,24442.919922,7050.290039,96.580002
"939","2018-10-30",66.18,1220,24874.640625,7161.649902,97.010002
"940","2018-10-31",65.31,1217.7,25115.759766,7305.899902,97.129997
"941","2018-11-01",63.67,1223.25,25380.740234,7434.060059,96.279999
"942","2018-11-02",63.12,1235.5,25270.830078,7356.990234,96.540001
"943","2018-11-05",63.12,1231.6,25461.699219,7328.850098,96.349998
"944","2018-11-06",62.16,1234.85,25635.009766,7375.959961,96.32
"945","2018-11-07",61.69,1235.05,26180.300781,7570.75,96
"946","2018-11-08",60.71,1223.45,26191.220703,7530.879883,96.639999
"947","2018-11-09",60.19,1219.05,25989.300781,7406.899902,96.910004
"948","2018-11-12",59.85,1207.05,25387.179688,7200.870117,97.540001
"949","2018-11-13",55.63,1197.55,25286.490234,7200.870117,97.300003
"950","2018-11-14",56.16,1201.45,25080.5,7136.390137,96.800003
"951","2018-11-15",56.45,1210.6,25289.269531,7259.029785,96.93
"952","2018-11-16",56.49,1215.8,25413.220703,7247.870117,96.470001
"953","2018-11-19",57.16,1223.55,25017.439453,7028.47998,96.190002
"954","2018-11-20",53.39,1223.1,24465.640625,6908.819824,96.809998
"955","2018-11-21",54.41,1224,24464.689453,6972.25,96.709999
"956","2018-11-26",51.46,1226.65,24640.240234,7081.850098,97.07
"957","2018-11-27",51.31,1225.05,24748.730469,7082.700195,97.370003
"958","2018-11-28",50.06,1213.2,25366.429688,7291.589844,96.790001
"959","2018-11-29",51.46,1226.45,25338.839844,7273.080078,96.779999
"960","2018-11-30",50.78,1220.45,25538.460938,7330.540039,97.269997
"961","2018-12-03",52.98,1231.05,25826.429688,7441.509766,97.040001
"962","2018-12-04",53.21,1239.25,25027.070313,7158.430176,96.970001
"963","2018-12-06",51.54,1236.45,24947.669922,7188.259766,96.809998
"964","2018-12-07",52.76,1241.2,24388.949219,6969.25,96.510002
"965","2018-12-10",51.07,1246.8,24423.259766,7020.52002,97.220001
"966","2018-12-11",51.65,1248.25,24370.240234,7031.830078,97.389999
"967","2018-12-12",51.04,1244.75,24527.269531,7098.310059,97.040001
"968","2018-12-13",52.69,1244.45,24597.380859,7070.330078,97.059998
"969","2018-12-14",51.26,1239.15,24100.509766,6910.660156,97.440002
"970","2018-12-17",49.8,1239.1,23592.980469,6753.72998,97.099998
"971","2018-12-18",46.12,1248.8,23675.640625,6783.910156,97.139999
"972","2018-12-19",47.96,1248.6,23323.660156,6636.830078,97.040001
"973","2018-12-20",45.64,1255,22859.599609,6528.410156,96.279999
"974","2018-12-21",45.38,1257.6,22445.369141,6332.990234,96.959999
"975","2018-12-27",44.48,1271.1,23138.820313,6579.490234,96.480003
"976","2018-12-28",45.15,1277.25,23062.400391,6584.52002,96.389999
"977","2019-01-02",46.31,1287.2,23346.240234,6665.939941,96.82
"978","2019-01-03",46.92,1287.95,22686.220703,6463.5,96.309998
"979","2019-01-04",47.76,1290.35,23433.160156,6738.859863,96.190002
"980","2019-01-07",48.27,1291.5,23531.349609,6823.470215,95.709999
"981","2019-01-08",49.58,1283.9,23787.449219,6897,95.900002
"982","2019-01-09",52.19,1281.3,23879.119141,6957.080078,95.220001
"983","2019-01-10",52.42,1292.4,24001.919922,6986.069824,95.540001
"984","2019-01-11",51.44,1292.8,23995.949219,6971.47998,95.669998
"985","2019-01-14",50.31,1293.7,23909.839844,6905.919922,95.589996
"986","2019-01-15",51.8,1289.35,24065.589844,7023.830078,95.970001
"987","2019-01-16",52.08,1290.5,24207.160156,7034.689941,96.059998
"988","2019-01-17",51.83,1294,24370.099609,7084.459961,96.07
"989","2019-01-18",53.6,1285.05,24706.349609,7157.22998,96.339996
"990","2019-01-22",52.59,1284.75,24404.480469,7020.359863,96.300003
"991","2019-01-23",52.44,1284.9,24575.619141,7025.77002,96.120003
"992","2019-01-24",52.94,1279.75,24553.240234,7073.459961,96.599998
"993","2019-01-25",53.53,1282.95,24737.199219,7164.859863,95.790001
"994","2019-01-28",51.79,1301,24528.220703,7085.680176,95.75
"995","2019-01-29",53.07,1308.35,24579.960938,7028.290039,95.82
"996","2019-01-30",54.18,1312.95,25014.859375,7183.080078,95.339996
"997","2019-01-31",53.84,1322.5,24999.669922,7281.740234,95.580002
"998","2019-02-01",55.29,1320.75,25063.890625,7263.870117,95.580002
"999","2019-02-04",54.57,1311,25239.369141,7347.540039,95.849998
"1000","2019-02-05",53.69,1314,25411.519531,7402.080078,96.099998
"1001","2019-02-06",53.94,1313.35,25390.300781,7375.279785,96.419998
"1002","2019-02-07",52.68,1306.6,25169.529297,7288.350098,96.510002
"1003","2019-02-08",52.75,1311.1,25106.330078,7298.200195,96.639999
"1004","2019-02-11",52.43,1306.75,25053.109375,7307.899902,97.059998
"1005","2019-02-12",53.14,1311.6,25425.759766,7414.620117,96.709999
"1006","2019-02-13",53.84,1311.15,25543.269531,7420.379883,97.129997
"1007","2019-02-14",54.4,1305.65,25439.390625,7426.950195,96.980003
"1008","2019-02-15",55.58,1318,25883.25,7472.410156,96.919998
"1009","2019-02-19",56.12,1329.55,25891.320313,7486.77002,96.519997
"1010","2019-02-20",56.9,1345.75,25954.439453,7489.069824,96.449997
"1011","2019-02-21",56.95,1335.05,25850.630859,7459.709961,96.610001
"1012","2019-02-22",57.01,1322.25,26031.810547,7527.540039,96.510002
"1013","2019-02-25",55.32,1329.15,26091.949219,7554.459961,96.410004
"1014","2019-02-26",55.4,1327.55,26057.980469,7549.299805,96
"1015","2019-02-27",56.92,1326.45,25985.160156,7554.509766,96.150002
"1016","2019-02-28",57.21,1325.45,25916,7532.529785,96.160004
"1017","2019-03-01",55.76,1309.95,26026.320313,7595.350098,96.529999
"1018","2019-03-04",56.6,1287.45,25819.650391,7577.569824,96.68
"1019","2019-03-05",56.55,1285,25806.630859,7576.359863,96.849998
"1020","2019-03-06",56.22,1285.55,25673.460938,7505.919922,96.870003
"1021","2019-03-07",56.6,1286.4,25473.230469,7421.459961,97.669998
"1022","2019-03-08",55.77,1294.1,25450.240234,7408.140137,97.370003
"1023","2019-03-11",56.79,1296.35,25650.880859,7558.060059,97.18
"1024","2019-03-12",56.89,1296.95,25554.660156,7591.029785,96.940002
"1025","2019-03-13",58.27,1308.4,25702.890625,7643.410156,96.550003
"1026","2019-03-14",58.59,1299.2,25709.939453,7630.910156,96.75
"1027","2019-03-15",58.51,1302.65,25848.869141,7688.529785,96.900002
"1028","2019-03-18",59.09,1305.35,25914.099609,7714.47998,96.489998
"1029","2019-03-19",59.12,1308.35,25887.380859,7723.950195,96.379997
"1030","2019-03-20",60.12,1303,25745.669922,7728.970215,96.019997
"1031","2019-03-21",59.98,1317.3,25962.509766,7838.959961,96.5
"1032","2019-03-22",58.87,1311.1,25502.320313,7642.669922,96.650002
"1033","2019-03-25",58.71,1319.35,25516.830078,7637.540039,96.57
"1034","2019-03-26",59.87,1315.25,25657.730469,7691.52002,96.739998
"1035","2019-03-27",59.39,1318.25,25625.589844,7643.379883,96.769997
"1036","2019-03-28",59.29,1306.9,25717.460938,7669.169922,97.199997
"1037","2019-03-29",60.19,1291.15,25928.679688,7729.319824,97.279999
"1038","2019-04-01",61.59,1291.9,26258.419922,7828.910156,97.25
"1039","2019-04-02",62.53,1287.2,26179.130859,7848.689941,97.360001
"1040","2019-04-03",62.46,1291.85,26218.130859,7895.549805,97.089996
"1041","2019-04-04",62.12,1291.6,26384.630859,7891.779785,97.309998
"1042","2019-04-05",63.1,1288.9,26424.990234,7938.689941,97.400002
"1043","2019-04-08",64.37,1297.1,26341.019531,7953.879883,97.050003
"1044","2019-04-09",64.05,1301.85,26150.580078,7909.279785,97.010002
"1045","2019-04-10",64.62,1304.8,26157.160156,7964.240234,96.949997
"1046","2019-04-11",63.61,1304.65,26143.050781,7947.359863,97.18
"1047","2019-04-12",63.86,1296.15,26412.300781,7984.160156,96.949997
"1048","2019-04-15",63.43,1286.75,26384.769531,7976.009766,96.940002
"1049","2019-04-16",64.01,1283.75,26452.660156,8000.22998,97.040001
"1050","2019-04-17",63.74,1276.1,26449.539063,7996.080078,97.010002
"1051","2019-04-18",64.02,1276.5,26559.539063,7998.060059,97.470001
"1052","2019-04-23",66.24,1273.45,26656.390625,8120.819824,97.57
"1053","2019-04-24",65.96,1273.8,26597.050781,8102.009766,98.099998
"1054","2019-04-25",65.23,1277.85,26462.080078,8118.680176,98.199997
"1055","2019-04-26",63.29,1281.5,26543.330078,8146.399902,98.010002
"1056","2019-04-29",63.39,1282.15,26554.390625,8161.850098,97.860001
"1057","2019-04-30",63.83,1285.15,26592.910156,8095.390137,97.480003
"1058","2019-05-01",63.55,1281.8,26430.140625,8049.640137,97.690002
"1059","2019-05-02",61.75,1271.45,26307.789063,8036.77002,97.830002
"1060","2019-05-03",61.98,1270.05,26504.949219,8164,97.519997
"1061","2019-05-07",61.41,1281.3,25965.089844,7963.759766,97.629997
"1062","2019-05-08",62.13,1287.75,25967.330078,7943.319824,97.620003
"1063","2019-05-09",61.58,1284.1,25828.359375,7910.589844,97.370003
"1064","2019-05-10",61.65,1285.4,25942.369141,7916.939941,97.330002
"1065","2019-05-13",60.97,1282.95,25324.990234,7647.02002,97.360001
"1066","2019-05-14",61.82,1297.6,25532.050781,7734.490234,97.529999
"1067","2019-05-15",62.03,1298.9,25648.019531,7822.149902,97.57
"1068","2019-05-16",62.93,1295.55,25862.679688,7898.049805,97.839996
"1069","2019-05-17",62.77,1285.8,25764,7816.279785,98
"1070","2019-05-20",63.12,1275.25,25679.900391,7702.379883,97.93
"1071","2019-05-21",63.02,1276,25877.330078,7785.720215,98.059998
"1072","2019-05-22",61.42,1274,25776.609375,7750.839844,98.110001
"1073","2019-05-23",57.65,1275.95,25490.470703,7628.279785,97.849998
"1074","2019-05-24",58.4,1281.5,25585.689453,7637.009766,97.610001
"1075","2019-05-28",58.91,1283.9,25347.769531,7607.350098,97.959999
"1076","2019-05-29",58.84,1283.5,25126.410156,7547.310059,98.139999
"1077","2019-05-30",56.47,1276.45,25169.880859,7567.720215,98.139999
"1078","2019-05-31",53.49,1296,24815.039063,7453.149902,97.790001
"1079","2019-06-03",53.25,1313.95,24819.779297,7333.02002,97.139999
"1080","2019-06-04",53.5,1323.6,25332.179688,7527.120117,97.07
"1081","2019-06-05",51.57,1337.75,25539.570313,7575.47998,97.370003
"1082","2019-06-06",52.59,1336.65,25720.660156,7615.549805,97.029999
"1083","2019-06-07",53.95,1334.3,25983.939453,7742.100098,96.610001
"1084","2019-06-10",53.33,1328.6,26062.679688,7823.169922,96.790001
"1085","2019-06-11",53.3,1322.65,26048.509766,7822.569824,96.690002
"1086","2019-06-12",51.13,1336.65,26004.830078,7792.720215,97
"1087","2019-06-13",52.38,1335.8,26106.769531,7837.129883,97.010002
"1088","2019-06-14",52.47,1352.45,26089.609375,7796.660156,97.57
"1089","2019-06-17",51.94,1333.2,26112.529297,7845.02002,97.559998
"1090","2019-06-18",53.86,1344.55,26465.539063,7953.879883,97.639999
"1091","2019-06-19",53.74,1342.4,26504,7987.319824,97.120003
"1092","2019-06-20",56.88,1381.65,26753.169922,8051.339844,96.629997
"1093","2019-06-21",57.35,1388.35,26719.130859,8031.709961,96.190002
"1094","2019-06-24",57.73,1405.45,26727.539063,8005.700195,95.980003
"1095","2019-06-25",57.63,1429.55,26548.220703,7884.720215,96.160004
"1096","2019-06-26",59.17,1406.75,26536.820313,7909.970215,96.209999
"1097","2019-06-27",59.18,1402.25,26526.580078,7967.759766,96.220001
"1098","2019-06-28",58.2,1413.2,26599.960938,8006.240234,96.129997
"1099","2019-07-01",58.91,1390.05,26717.429688,8091.160156,96.839996
"1100","2019-07-02",56,1393.1,26786.679688,8109.089844,96.769997
"1101","2019-07-08",57.35,1404.9,26806.140625,8098.379883,97.379997
"1102","2019-07-09",57.57,1387.9,26783.490234,8141.72998,97.489998
"1103","2019-07-10",60.28,1395.45,26860.199219,8202.530273,97.099998
"1104","2019-07-11",59.93,1423.1,27088.080078,8196.040039,97.050003
"1105","2019-07-12",59.99,1405.6,27332.029297,8244.139648,96.809998
"1106","2019-07-15",59.3,1416.25,27359.160156,8258.19043,96.93
"1107","2019-07-16",57.44,1416.1,27335.630859,8222.799805,97.400002
"1108","2019-07-17",56.5,1400.8,27219.849609,8185.209961,97.220001
"1109","2019-07-18",55.08,1420.9,27222.970703,8207.240234,96.790001
"1110","2019-07-19",55.42,1437.05,27154.199219,8146.490234,97.150002
"1111","2019-07-22",55.87,1424.45,27171.900391,8204.139648,97.260002
"1112","2019-07-23",56.58,1417.55,27349.189453,8251.400391,97.709999
"1113","2019-07-24",55.9,1425.55,27269.970703,8321.5,97.730003
"1114","2019-07-25",55.88,1426.35,27140.980469,8238.540039,97.82
"1115","2019-07-26",56.04,1418.25,27192.449219,8330.209961,98.010002
"1116","2019-07-29",56.85,1418.95,27221.349609,8293.330078,98.040001
"1117","2019-07-30",58.04,1428.45,27198.019531,8273.610352,98.050003
"1118","2019-07-31",58.53,1430.55,26864.269531,8175.419922,98.519997
"1119","2019-08-01",53.64,1406.4,26583.419922,8111.120117,98.389999
"1120","2019-08-02",55.67,1436.05,26485.009766,8004.069824,98.099998
"1121","2019-08-05",54.63,1457.45,25717.740234,7726.040039,97.5
"1122","2019-08-06",53.6,1461.85,26029.519531,7833.27002,97.629997
"1123","2019-08-07",51.14,1487.65,26007.070313,7862.830078,97.540001
"1124","2019-08-08",52.6,1497.4,26378.189453,8039.160156,97.620003
"1125","2019-08-09",54.41,1503.5,26287.439453,7959.140137,97.489998
"1126","2019-08-12",54.98,1501.95,25896.439453,7863.410156,97.379997
"1127","2019-08-13",57.05,1527.2,26279.910156,8016.359863,97.809998
"1128","2019-08-14",55.16,1500.35,25479.419922,7773.939941,97.989998
"1129","2019-08-15",54.51,1517.65,25579.390625,7766.620117,98.139999
"1130","2019-08-16",54.83,1509.05,25886.009766,7895.990234,98.139999
"1131","2019-08-19",56.24,1499.35,26135.789063,8002.810059,98.349998
"1132","2019-08-20",56.18,1502.65,25962.439453,7948.560059,98.190002
"1133","2019-08-21",55.65,1499.65,26202.730469,8020.209961,98.300003
"1134","2019-08-22",55.33,1498.7,26252.240234,7991.390137,98.169998
"1135","2019-08-23",54.08,1495.5,25628.900391,7751.77002,97.639999
"1136","2019-08-27",54.99,1531.85,25777.900391,7826.950195,98
"1137","2019-08-28",55.76,1541.75,26036.099609,7856.879883,98.209999
"1138","2019-08-29",56.67,1536.65,26362.25,7973.390137,98.510002
"1139","2019-08-30",55.07,1526.55,26403.279297,7962.879883,98.919998
"1140","2019-09-03",53.91,1532.45,26118.019531,7874.160156,98.949997
"1141","2019-09-04",56.22,1538.8,26355.470703,7976.879883,98.449997
"1142","2019-09-05",56.33,1542.6,26728.150391,8116.830078,98.410004
"1143","2019-09-06",56.45,1504.95,26797.460938,8103.069824,98.389999
"1144","2019-09-09",57.88,1509.95,26835.509766,8087.439941,98.279999
"1145","2019-09-10",57.37,1494.6,26909.429688,8084.160156,98.379997
"1146","2019-09-11",55.66,1493.65,27137.039063,8169.680176,98.650002
"1147","2019-09-12",55.13,1502.95,27182.449219,8194.469727,98.309998
"1148","2019-09-13",54.76,1506.3,27219.519531,8176.709961,98.260002
"1149","2019-09-16",63.1,1502.05,27076.820313,8153.540039,98.650002
"1150","2019-09-17",59.26,1499.3,27110.800781,8186.02002,98.260002
"1151","2019-09-18",58.19,1502.2,27147.080078,8177.390137,98.599998
"1152","2019-09-19",58.19,1498.4,27094.789063,8182.879883,98.269997
"1153","2019-09-20",57.92,1504.1,26935.070313,8117.669922,98.510002
"1154","2019-09-23",58.69,1519.5,26949.990234,8112.459961,98.599998
"1155","2019-09-24",57.22,1520.25,26807.769531,7993.629883,98.339996
"1156","2019-09-25",56.38,1530.85,26970.710938,8077.379883,99.040001
"1157","2019-09-26",56.24,1507.05,26891.119141,8030.660156,99.209999
"1158","2019-09-27",55.95,1496.15,26820.25,7939.629883,99.110001
"1159","2019-09-30",54.09,1487.6,26916.830078,7999.339844,99.379997
"1160","2019-10-01",53.6,1466.1,26573.039063,7908.680176,99.129997
"1161","2019-10-02",52.67,1484.05,26078.619141,7785.25,99.040001
"1162","2019-10-03",52.41,1504,26201.039063,7872.259766,98.860001
"1163","2019-10-04",52.84,1509.5,26573.720703,7982.470215,98.809998
"1164","2019-10-07",52.76,1502.15,26478.019531,7956.290039,98.989998
"1165","2019-10-08",52.64,1500,26164.039063,7823.779785,99.139999
"1166","2019-10-09",52.63,1503.4,26346.009766,7903.740234,99.120003
"1167","2019-10-10",53.57,1508.2,26496.669922,7950.779785,98.709999
"1168","2019-10-11",54.76,1498.35,26816.589844,8057.040039,98.300003
"1169","2019-10-14",53.57,1494.2,26787.359375,8048.649902,98.5
"1170","2019-10-15",52.81,1494.75,27024.800781,8148.709961,98.290001
"1171","2019-10-16",53.42,1482.55,27001.980469,8124.180176,98.010002
"1172","2019-10-17",53.89,1484.45,27025.880859,8156.850098,97.610001
"1173","2019-10-18",53.75,1487.5,26770.199219,8089.540039,97.279999
"1174","2019-10-21",53.28,1490.85,26827.640625,8162.990234,97.330002
"1175","2019-10-22",54.21,1487.45,26788.099609,8104.299805,97.529999
"1176","2019-10-23",55.9,1494.25,26833.949219,8119.790039,97.470001
"1177","2019-10-24",56.11,1488.85,26805.529297,8185.799805,97.629997
"1178","2019-10-25",56.52,1504.65,26958.060547,8243.120117,97.830002
"1179","2019-10-28",55.6,1505.05,27090.720703,8325.990234,97.760002
"1180","2019-10-29",55.34,1492.75,27071.460938,8276.849609,97.690002
"1181","2019-10-30",54.85,1490.15,27186.689453,8303.980469,97.650002
"1182","2019-10-31",54.02,1506.4,27046.230469,8292.360352,97.349998
"1183","2019-11-01",56.04,1509.85,27347.359375,8386.400391,97.230003
"1184","2019-11-04",56.33,1509.2,27462.109375,8433.200195,97.510002
"1185","2019-11-05",57.04,1504.6,27492.630859,8434.679688,97.980003
"1186","2019-11-06",56.15,1488.55,27492.560547,8410.629883,97.949997
"1187","2019-11-07",56.91,1484.1,27674.800781,8434.519531,98.139999
"1188","2019-11-08",57.02,1466.85,27681.240234,8475.30957,98.349998
"1189","2019-11-12",56.67,1455,27691.490234,8486.089844,98.309998
"1190","2019-11-13",56.88,1463.45,27783.589844,8482.099609,98.370003
"1191","2019-11-14",56.57,1467.65,27781.960938,8479.019531,98.160004
"1192","2019-11-15",57.54,1465.6,28004.890625,8540.830078,98
"1193","2019-11-18",56.82,1458.4,28036.220703,8549.94043,97.790001
"1194","2019-11-19",54.93,1464.9,27934.019531,8570.660156,97.860001
"1195","2019-11-20",56.71,1475.7,27821.089844,8526.730469,97.93
"1196","2019-11-21",58.36,1468.9,27766.289063,8506.209961,97.989998
"1197","2019-11-22",57.68,1471.3,27875.619141,8519.879883,98.269997
"1198","2019-11-25",57.79,1459.45,28066.470703,8632.490234,98.32
"1199","2019-11-26",58.25,1457.65,28121.679688,8647.929688,98.25
"1200","2019-11-27",58.12,1459.8,28164,8705.179688,98.410004
"1201","2019-12-02",55.97,1457.5,27783.039063,8567.990234,97.860001
"1202","2019-12-03",56.15,1470.4,27502.810547,8520.639648,97.739998
"1203","2019-12-04",58.46,1475.85,27649.779297,8566.669922,97.650002
"1204","2019-12-05",58.42,1474.6,27677.789063,8570.700195,97.410004
"1205","2019-12-06",59.2,1474.85,28015.060547,8656.530273,97.699997
"1206","2019-12-09",58.99,1463.6,27909.599609,8621.830078,97.660004
"1207","2019-12-10",59.22,1464.45,27881.720703,8616.179688,97.410004
"1208","2019-12-11",58.74,1468.05,27911.300781,8654.049805,97.160004
"1209","2019-12-12",59.18,1474.7,28132.050781,8717.320313,97.400002
"1210","2019-12-13",60.11,1470.6,28135.380859,8734.879883,97.169998
"1211","2019-12-16",60.21,1477.4,28235.890625,8814.230469,97.07
"1212","2019-12-17",60.88,1478.4,28267.160156,8823.360352,97.209999
"1213","2019-12-18",60.93,1478.9,28239.279297,8827.740234,97.410004
"1214","2019-12-19",61.3,1474.4,28376.960938,8887.219727,97.419998
"1215","2019-12-20",60.43,1476.9,28455.089844,8924.959961,97.709999
"1216","2019-12-23",60.51,1483.95,28551.529297,8945.650391,97.68
"1217","2019-12-27",61.76,1510.6,28645.259766,9006.620117,96.919998
"1218","2019-12-30",61.66,1511.5,28462.140625,8945.990234,96.739998
"1219","2020-01-02",61.17,1520.55,28868.800781,9092.19043,96.849998
"1220","2020-01-03",63,1547.4,28634.880859,9020.769531,96.839996
"1221","2020-01-06",63.27,1576.85,28703.380859,9071.469727,96.669998
"1222","2020-01-07",62.7,1566.5,28583.679688,9068.580078,96.980003
"1223","2020-01-08",59.65,1582.85,28745.089844,9129.240234,97.330002
"1224","2020-01-09",59.56,1547.85,28956.900391,9203.429688,97.449997
"1225","2020-01-10",59.02,1548.8,28823.769531,9178.860352,97.360001
"1226","2020-01-13",58.17,1550.35,28907.050781,9273.929688,97.349998
"1227","2020-01-14",58.34,1544.95,28939.669922,9251.330078,97.370003
"1228","2020-01-15",57.86,1551.9,29030.220703,9258.700195,97.230003
"1229","2020-01-16",58.52,1555.2,29297.640625,9357.129883,97.32
"1230","2020-01-17",58.55,1556.5,29348.099609,9388.94043,97.610001
"1231","2020-01-21",58.25,1556.25,29196.039063,9370.80957,97.529999
"1232","2020-01-22",56.76,1558.1,29186.269531,9383.769531,97.529999
"1233","2020-01-23",55.51,1554.05,29160.089844,9402.480469,97.690002
"1234","2020-01-24",54.09,1561.85,28989.730469,9314.910156,97.849998
"1235","2020-01-27",53.09,1583.45,28535.800781,9139.30957,97.959999
"1236","2020-01-28",53.33,1579.6,28722.849609,9269.679688,98.019997
"1237","2020-01-29",53.29,1571.2,28734.449219,9275.160156,97.989998
"1238","2020-01-30",52.19,1580.4,28859.439453,9298.929688,97.870003
"1239","2020-01-31",51.58,1580.85,28256.029297,9150.94043,97.389999
"1240","2020-02-03",50.06,1578.85,28399.810547,9273.400391,97.800003
"1241","2020-02-04",49.59,1571.2,28807.630859,9467.969727,97.959999
"1242","2020-02-05",50.87,1552.2,29290.849609,9508.679688,98.269997
"1243","2020-02-06",50.94,1564.75,29379.769531,9572.150391,98.5
"1244","2020-02-07",50.34,1568.3,29102.509766,9520.509766,98.68
"1245","2020-02-10",49.59,1574.05,29276.820313,9628.389648,98.830002
"1246","2020-02-11",50,1567.7,29276.339844,9638.94043,98.720001
"1247","2020-02-12",51.13,1566.75,29551.419922,9725.959961,99.050003
"1248","2020-02-13",51.41,1575,29423.310547,9711.969727,99.07
"1249","2020-02-14",52.03,1576.35,29398.080078,9731.179688,99.120003
"1250","2020-02-18",52.1,1588.2,29232.189453,9732.740234,99.459999
"1251","2020-02-19",53.31,1609.5,29348.029297,9817.179688,99.599998
"1252","2020-02-20",53.77,1610.35,29219.980469,9750.969727,99.870003
"1253","2020-02-21",53.36,1633.7,28992.410156,9576.589844,99.260002
"1254","2020-02-24",51.36,1682.35,27960.800781,9221.280273,99.290001
"1255","2020-02-25",49.78,1655.9,27081.359375,8965.610352,98.970001
"1256","2020-02-26",48.67,1647.95,26957.589844,8980.780273,99
"1257","2020-02-27",47.17,1646.6,25766.640625,8566.480469,98.440002
"1258","2020-02-28",44.83,1626.35,25409.359375,8567.370117,98.129997
"1259","2020-03-02",46.78,1609.7,26703.320313,8952.169922,97.360001
"1260","2020-03-03",47.27,1599.05,25917.410156,8684.089844,97.150002
"1261","2020-03-04",46.78,1644.8,27090.859375,9018.089844,97.339996
"1262","2020-03-05",45.9,1647.45,26121.279297,8738.589844,96.82
"1263","2020-03-06",41.14,1687,25864.779297,8575.620117,95.949997
"1264","2020-03-09",31.05,1676.6,23851.019531,7950.680176,94.900002
"1265","2020-03-10",34.47,1657.4,25018.160156,8344.25,96.410004
"1266","2020-03-11",33.13,1662.5,23553.220703,7952.049805,96.510002
"1267","2020-03-12",31.56,1636.65,21200.619141,7201.799805,97.470001
"1268","2020-03-13",31.72,1588.15,23185.619141,7874.879883,98.75
"1269","2020-03-16",28.96,1504.65,20188.519531,6904.589844,98.089996
"1270","2020-03-17",26.96,1472.35,21237.380859,7334.779785,99.580002
"1271","2020-03-18",20.48,1506,19898.919922,6989.839844,101.160004
"1272","2020-03-19",25.09,1480.7,20087.189453,7150.580078,102.760002
"1273","2020-03-20",19.48,1504.45,19173.980469,6879.52002,102.82
"1274","2020-03-23",23.33,1494.5,18591.929688,6860.669922,102.489998
"1275","2020-03-24",21.03,1599.5,20704.910156,7417.859863,101.739998
"1276","2020-03-25",20.75,1620.95,21200.550781,7384.299805,101.050003
"1277","2020-03-26",16.6,1620.1,22552.169922,7797.540039,99.419998
"1278","2020-03-27",15.48,1621.2,21636.779297,7502.379883,98.370003
"1279","2020-03-30",14.1,1624.45,22327.480469,7774.149902,99.18
"1280","2020-03-31",20.51,1604.65,21917.160156,7700.100098,98.949997
"1281","2020-04-01",20.28,1594.25,20943.509766,7360.580078,99.669998
"1282","2020-04-02",25.18,1588.05,21413.439453,7487.310059,100.18
"1283","2020-04-03",28.36,1609.75,21052.529297,7373.080078,100.580002
"1284","2020-04-06",26.21,1636.6,22679.990234,7913.240234,100.690002
"1285","2020-04-07",23.54,1652.2,22653.859375,7887.259766,99.980003
"1286","2020-04-08",24.97,1649.05,23433.570313,8090.899902,100.120003
"1287","2020-04-09",22.9,1662.5,23719.369141,8153.580078,99.519997
"1288","2020-04-14",20.15,1715.85,23949.759766,8515.740234,98.889999
"1289","2020-04-15",19.96,1712.25,23504.349609,8393.179688,99.459999
"1290","2020-04-16",19.82,1717.85,23537.679688,8532.360352,100.029999
"1291","2020-04-17",18.31,1693.15,24242.490234,8650.139648,99.779999
"1292","2020-04-20",-36.98,1684.95,23650.439453,8560.730469,99.959999
"1293","2020-04-21",8.91,1678.6,23018.880859,8263.230469,100.260002
"1294","2020-04-22",13.64,1702.65,23475.820313,8495.379883,100.389999
"1295","2020-04-23",15.06,1727.55,23515.259766,8494.75,100.43
"1296","2020-04-24",15.99,1727.25,23775.269531,8634.519531,100.379997
"1297","2020-04-27",12.17,1717.25,24133.779297,8730.160156,100.040001
"1298","2020-04-28",12.4,1708.1,24101.550781,8607.730469,99.870003
"1299","2020-04-29",15.04,1706,24633.859375,8914.709961,99.57
"1300","2020-04-30",19.23,1716.75,24345.720703,8889.549805,99.019997
"1301","2020-05-01",19.72,1673.05,23723.689453,8604.950195,98.800003
"1302","2020-05-04",20.47,1703.7,23749.759766,8710.709961,99.480003
"1303","2020-05-05",24.56,1696.3,23883.089844,8809.120117,99.709999
"1304","2020-05-06",23.88,1698.9,23664.640625,8854.389648,100.089996
"1305","2020-05-07",23.68,1688.65,23875.890625,8979.660156,99.889999
"1306","2020-05-11",24.02,1698.8,24221.990234,9192.339844,100.239998
"1307","2020-05-12",25.76,1703.45,23764.779297,9002.549805,99.93
"1308","2020-05-13",25.37,1699.85,23247.970703,8863.169922,100.239998
"1309","2020-05-14",27.4,1716.4,23625.339844,8943.719727,100.470001
"1310","2020-05-15",29.44,1734.85,23685.419922,9014.55957,100.400002
"1311","2020-05-18",31.83,1756.9,24597.369141,9234.830078,99.669998
"1312","2020-05-19",32.3,1735.25,24206.859375,9185.099609,99.370003
"1313","2020-05-20",33.56,1750.05,24575.900391,9375.780273,99.120003
"1314","2020-05-21",34.3,1732.8,24474.119141,9284.879883,99.370003
"1315","2020-05-22",33.49,1732.45,24465.160156,9324.589844,99.860001
"1316","2020-05-26",34.7,1722.75,24995.109375,9340.219727,99.010002
"1317","2020-05-27",32.8,1705.15,25548.269531,9412.360352,99.059998
"1318","2020-05-28",33.67,1723.3,25400.640625,9368.990234,98.379997
"1319","2020-05-29",35.57,1725.65,25383.109375,9489.870117,98.339996
"1320","2020-06-01",35.49,1734.8,25475.019531,9552.049805,97.82
